2025.10.04 21:16:23,945	INFO	3	org.l2jmobius.commons.util.IXmlReader	Network Config: ipconfig.xml does not exist, using automatic configuration...
2025.10.04 21:16:24,135	INFO	3	org.l2jmobius.commons.util.IXmlReader	Network Config: Adding new subnet: 192.168.1.0/24 address: 192.168.1.8
2025.10.04 21:16:24,136	INFO	3	org.l2jmobius.commons.util.IXmlReader	Network Config: Adding new subnet: 192.168.116.0/24 address: 192.168.116.1
2025.10.04 21:16:24,136	INFO	3	org.l2jmobius.commons.util.IXmlReader	Network Config: Adding new subnet: 192.168.152.0/24 address: 192.168.152.1
2025.10.04 21:16:24,136	INFO	3	org.l2jmobius.commons.util.IXmlReader	Network Config: Adding new subnet: 172.26.224.0/20 address: 172.26.224.1
2025.10.04 21:16:24,137	INFO	3	org.l2jmobius.commons.util.IXmlReader	Network Config: Adding new subnet: 26.0.0.0/8 address: 26.81.77.5
2025.10.04 21:16:24,139	INFO	3	org.l2jmobius.commons.util.IXmlReader	Network Config: Adding new subnet: 172.25.32.0/20 address: 172.25.32.1
2025.10.04 21:16:24,139	INFO	3	org.l2jmobius.commons.util.IXmlReader	Network Config: Adding new subnet: 127.0.0.0/8 address: 127.0.0.1
2025.10.04 21:16:24,140	INFO	3	org.l2jmobius.commons.util.IXmlReader	Network Config: Adding new subnet: 0.0.0.0/0 address: 123.20.180.87
2025.10.04 21:16:24,168	INFO	3	org.l2jmobius.Config	Loaded 6 Filter Words.
2025.10.04 21:16:24,168	INFO	3	org.l2jmobius.gameserver.GameServer	------------------------------------------------=[ Database ]
2025.10.04 21:16:24,313	INFO	3	org.l2jmobius.commons.database.DatabaseFactory	Database: HikariCP pool initialized successfully.
2025.10.04 21:16:24,471	INFO	3	org.l2jmobius.commons.database.DatabaseFactory	Database: Initialized with a valid connection.
2025.10.04 21:16:24,480	INFO	3	org.l2jmobius.gameserver.GameServer	----------------------------------------------=[ ThreadPool ]
2025.10.04 21:16:24,481	INFO	3	org.l2jmobius.commons.threads.ThreadPool	ThreadPool: Initialized
2025.10.04 21:16:24,481	INFO	3	org.l2jmobius.commons.threads.ThreadPool	...scheduled pool executor with 6 high priority threads.
2025.10.04 21:16:24,484	INFO	3	org.l2jmobius.commons.threads.ThreadPool	...scheduled pool executor with 24 total threads.
2025.10.04 21:16:24,485	INFO	3	org.l2jmobius.commons.threads.ThreadPool	...instant pool executor with 12 total threads.
2025.10.04 21:16:24,485	INFO	3	org.l2jmobius.gameserver.GameServer	-----------------------------------------------=[ IdManager ]
2025.10.04 21:16:24,526	INFO	3	org.l2jmobius.gameserver.managers.DatabaseIdManager	DatabaseIdManager: Cleaned 0 elements in 0 seconds.
2025.10.04 21:16:24,533	INFO	3	org.l2jmobius.gameserver.managers.DatabaseIdManager	DatabaseIdManager: Updated character online status.
2025.10.04 21:16:24,541	INFO	3	org.l2jmobius.gameserver.managers.DatabaseIdManager	DatabaseIdManager: Cleaned 0 expired timestamps.
2025.10.04 21:16:24,552	INFO	3	org.l2jmobius.gameserver.managers.IdManager	IdManager: 102912 ids available.
2025.10.04 21:16:24,552	INFO	3	org.l2jmobius.gameserver.GameServer	----------------------------------------=[ Scripting Engine ]
2025.10.04 21:16:24,652	INFO	3	org.l2jmobius.gameserver.scripting.ScriptManager	Loaded 821 files to exclude.
2025.10.04 21:16:24,652	INFO	3	org.l2jmobius.gameserver.GameServer	---------------------------------------------------=[ World ]
2025.10.04 21:16:24,805	INFO	3	org.l2jmobius.gameserver.managers.MapRegionManager	MapRegionManager: Loaded 56 map regions.
2025.10.04 21:16:24,808	INFO	3	org.l2jmobius.gameserver.managers.ZoneManager	ZoneManager 19 by 18 Zone Region Grid set up.
2025.10.04 21:16:25,135	INFO	3	org.l2jmobius.gameserver.managers.ZoneManager	ZoneManager: Loaded 34 zone classes and 2738 zones.
2025.10.04 21:16:25,137	INFO	3	org.l2jmobius.gameserver.managers.ZoneManager	ZoneManager: Last static id 200224.
2025.10.04 21:16:25,345	INFO	3	org.l2jmobius.gameserver.data.xml.DoorData	DoorData: Loaded 1259 doors.
2025.10.04 21:16:25,350	INFO	3	FenceData	FenceData: Loaded 1 fences.
2025.10.04 21:16:25,356	INFO	3	org.l2jmobius.gameserver.managers.GlobalVariablesManager	GlobalVariablesManager: Loaded 0 variables.
2025.10.04 21:16:25,357	INFO	3	org.l2jmobius.gameserver.GameServer	----------------------------------------------------=[ Data ]
2025.10.04 21:16:25,362	INFO	3	org.l2jmobius.gameserver.data.xml.ActionData	ActionData: Loaded 248 player actions.
2025.10.04 21:16:25,369	INFO	3	org.l2jmobius.gameserver.data.xml.CategoryData	CategoryData: Loaded 33 categories.
2025.10.04 21:16:25,376	INFO	3	org.l2jmobius.gameserver.data.xml.SecondaryAuthData	SecondaryAuthData: Loaded 328 forbidden passwords.
2025.10.04 21:16:25,379	INFO	3	org.l2jmobius.gameserver.data.xml.SayuneData	SayuneData: Loaded 0 maps.
2025.10.04 21:16:25,391	INFO	3	org.l2jmobius.gameserver.data.xml.ClanRewardData	ClanRewardData: Loaded 4 rewards for members online.
2025.10.04 21:16:25,391	INFO	3	org.l2jmobius.gameserver.data.xml.ClanRewardData	ClanRewardData: Loaded 4 rewards for hunting monsters.
2025.10.04 21:16:25,391	INFO	3	org.l2jmobius.gameserver.data.xml.ClanRewardData	ClanRewardData: Loaded 5 rewards for raid arena.
2025.10.04 21:16:26,025	INFO	3	handlers.DailyMissionMasterHandler	DailyMissionMasterHandler: Loaded 11 handlers.
2025.10.04 21:16:26,042	INFO	3	org.l2jmobius.gameserver.data.xml.DailyMissionData	DailyMissionData: Loaded 96 one day rewards.
2025.10.04 21:16:26,050	INFO	3	org.l2jmobius.gameserver.data.xml.ElementalSpiritData	ElementalSpiritData: Loaded 4 elemental spirit templates.
2025.10.04 21:16:26,050	INFO	3	org.l2jmobius.gameserver.GameServer	--------------------------------------------------=[ Skills ]
2025.10.04 21:16:28,311	INFO	3	handlers.EffectMasterHandler	EffectMasterHandler: Loaded 388 effect handlers.
2025.10.04 21:16:28,323	INFO	3	org.l2jmobius.gameserver.data.xml.EnchantSkillGroupsData	EnchantSkillGroupsData: Loaded 30 enchant routes, max enchant set to 30.
2025.10.04 21:16:29,925	INFO	3	org.l2jmobius.gameserver.data.xml.SkillData	SkillData: Loaded 39398 Skills.
2025.10.04 21:16:30,197	INFO	3	org.l2jmobius.gameserver.data.xml.SkillTreeData	SkillTreeData: Loaded 17070 Class skills for 99 class skill trees.
2025.10.04 21:16:30,198	INFO	3	org.l2jmobius.gameserver.data.xml.SkillTreeData	SkillTreeData: Loaded 0 sub-class skills.
2025.10.04 21:16:30,198	INFO	3	org.l2jmobius.gameserver.data.xml.SkillTreeData	SkillTreeData: Loaded 0 dual-class skills.
2025.10.04 21:16:30,198	INFO	3	org.l2jmobius.gameserver.data.xml.SkillTreeData	SkillTreeData: Loaded 0 transfer skills for 0 transfer skill trees.
2025.10.04 21:16:30,198	INFO	3	org.l2jmobius.gameserver.data.xml.SkillTreeData	SkillTreeData: Loaded 0 race skills for 0 race skill trees.
2025.10.04 21:16:30,198	INFO	3	org.l2jmobius.gameserver.data.xml.SkillTreeData	SkillTreeData: Loaded 18 fishing skills, 8 Dwarven only fishing skills.
2025.10.04 21:16:30,198	INFO	3	org.l2jmobius.gameserver.data.xml.SkillTreeData	SkillTreeData: Loaded 55 certification skills.
2025.10.04 21:16:30,200	INFO	3	org.l2jmobius.gameserver.data.xml.SkillTreeData	SkillTreeData: Loaded 50 clan skills, 50 for clan and 0 residential.
2025.10.04 21:16:30,200	INFO	3	org.l2jmobius.gameserver.data.xml.SkillTreeData	SkillTreeData: Loaded 18 sub-pledge skills.
2025.10.04 21:16:30,200	INFO	3	org.l2jmobius.gameserver.data.xml.SkillTreeData	SkillTreeData: Loaded 0 transform skills.
2025.10.04 21:16:30,200	INFO	3	org.l2jmobius.gameserver.data.xml.SkillTreeData	SkillTreeData: Loaded 1 noble skills.
2025.10.04 21:16:30,200	INFO	3	org.l2jmobius.gameserver.data.xml.SkillTreeData	SkillTreeData: Loaded 1 hero skills.
2025.10.04 21:16:30,200	INFO	3	org.l2jmobius.gameserver.data.xml.SkillTreeData	SkillTreeData: Loaded 34 game master skills.
2025.10.04 21:16:30,200	INFO	3	org.l2jmobius.gameserver.data.xml.SkillTreeData	SkillTreeData: Loaded 1 game master aura skills.
2025.10.04 21:16:30,200	INFO	3	org.l2jmobius.gameserver.data.xml.SkillTreeData	SkillTreeData: Loaded 0 ability skills.
2025.10.04 21:16:30,201	INFO	3	org.l2jmobius.gameserver.data.xml.SkillTreeData	SkillTreeData: Loaded 0 alchemy skills.
2025.10.04 21:16:30,201	INFO	3	org.l2jmobius.gameserver.data.xml.SkillTreeData	SkillTreeData: Loaded 0 class awaken save skills.
2025.10.04 21:16:30,201	INFO	3	org.l2jmobius.gameserver.data.xml.SkillTreeData	SkillTreeData: Loaded 0 Revelation skills.
2025.10.04 21:16:30,201	INFO	3	org.l2jmobius.gameserver.data.xml.SkillTreeData	SkillTreeData: Loaded 10 common skills.
2025.10.04 21:16:30,209	INFO	3	org.l2jmobius.gameserver.data.xml.PetSkillData	PetSkillData: Loaded 881 skills.
2025.10.04 21:16:30,209	INFO	3	org.l2jmobius.gameserver.GameServer	---------------------------------------------------=[ Items ]
2025.10.04 21:16:30,746	INFO	3	org.l2jmobius.gameserver.data.xml.ItemData	ItemData: Highest item id used: 99162
2025.10.04 21:16:30,751	INFO	3	org.l2jmobius.gameserver.data.xml.ItemData	ItemData: Loaded 10011 etc items.
2025.10.04 21:16:30,751	INFO	3	org.l2jmobius.gameserver.data.xml.ItemData	ItemData: Loaded 2621 armor items.
2025.10.04 21:16:30,751	INFO	3	org.l2jmobius.gameserver.data.xml.ItemData	ItemData: Loaded 1745 weapon items.
2025.10.04 21:16:30,751	INFO	3	org.l2jmobius.gameserver.data.xml.ItemData	ItemData: Loaded 14377 items in total.
2025.10.04 21:16:30,755	INFO	3	org.l2jmobius.gameserver.data.xml.EnchantItemGroupsData	EnchantItemGroupsData: Loaded 7 item group templates.
2025.10.04 21:16:30,755	INFO	3	org.l2jmobius.gameserver.data.xml.EnchantItemGroupsData	EnchantItemGroupsData: Loaded 1 scroll group templates.
2025.10.04 21:16:30,755	INFO	3	org.l2jmobius.gameserver.data.xml.EnchantItemGroupsData	EnchantItemGroupsData: Max weapon enchant is set to 30.
2025.10.04 21:16:30,755	INFO	3	org.l2jmobius.gameserver.data.xml.EnchantItemGroupsData	EnchantItemGroupsData: Max armor enchant is set to 30.
2025.10.04 21:16:30,755	INFO	3	org.l2jmobius.gameserver.data.xml.EnchantItemGroupsData	EnchantItemGroupsData: Max accessory enchant is set to 30.
2025.10.04 21:16:30,759	INFO	3	org.l2jmobius.gameserver.data.xml.EnchantItemData	EnchantItemData: Loaded 54 enchant scrolls.
2025.10.04 21:16:30,759	INFO	3	org.l2jmobius.gameserver.data.xml.EnchantItemData	EnchantItemData: Loaded 0 support items.
2025.10.04 21:16:31,009	INFO	3	org.l2jmobius.gameserver.data.xml.OptionData	OptionData: Loaded 10861 options.
2025.10.04 21:16:31,012	INFO	3	org.l2jmobius.gameserver.data.xml.EnchantItemOptionsData	EnchantItemOptionsData: Loaded 22 items and 242 options.
2025.10.04 21:16:31,014	INFO	3	org.l2jmobius.commons.util.IXmlReader	ElementalAttributeData: Loaded 0 elemental attribute items.
2025.10.04 21:16:31,019	INFO	3	org.l2jmobius.gameserver.data.xml.ItemCrystallizationData	ItemCrystallizationData: Loaded 12 crystallization templates.
2025.10.04 21:16:31,022	INFO	3	org.l2jmobius.gameserver.data.xml.ItemCrystallizationData	ItemCrystallizationData: Loaded 65 weapon enchant failure rewards.
2025.10.04 21:16:31,023	INFO	3	org.l2jmobius.gameserver.data.xml.ItemCrystallizationData	ItemCrystallizationData: Loaded 35 armor enchant failure rewards.
2025.10.04 21:16:31,036	INFO	3	VariationData	VariationData: Loaded 21 variations.
2025.10.04 21:16:31,037	INFO	3	VariationData	VariationData: Loaded 926 fees.
2025.10.04 21:16:31,048	INFO	3	org.l2jmobius.gameserver.data.xml.EnsoulData	EnsoulData: Loaded 5 fees.
2025.10.04 21:16:31,049	INFO	3	org.l2jmobius.gameserver.data.xml.EnsoulData	EnsoulData: Loaded 660 options.
2025.10.04 21:16:31,049	INFO	3	org.l2jmobius.gameserver.data.xml.EnsoulData	EnsoulData: Loaded 340 stones.
2025.10.04 21:16:31,051	INFO	3	org.l2jmobius.gameserver.data.xml.EnchantItemHPBonusData	EnchantItemHPBonusData: Loaded 11 enchant HP bonuses.
2025.10.04 21:16:31,360	INFO	3	org.l2jmobius.gameserver.data.xml.BuyListData	BuyListData: Loaded 402 buyLists.
2025.10.04 21:16:31,526	INFO	3	org.l2jmobius.gameserver.data.xml.MultisellData	MultisellData: Loaded 175 multisell lists.
2025.10.04 21:16:31,540	INFO	3	org.l2jmobius.gameserver.data.xml.CombinationItemsData	CombinationItemsData: Loaded 652 combinations.
2025.10.04 21:16:31,544	INFO	3	org.l2jmobius.gameserver.data.xml.EquipmentUpgradeData	EquipmentUpgradeData: Loaded 74 upgrade equipment data.
2025.10.04 21:16:31,553	INFO	3	org.l2jmobius.gameserver.data.xml.AgathionData	AgathionData: Loaded 140 agathion data.
2025.10.04 21:16:31,557	INFO	3	org.l2jmobius.gameserver.data.xml.RaidTeleportListData	RaidTeleportListData: Loaded 98 teleports.
2025.10.04 21:16:31,582	INFO	3	org.l2jmobius.gameserver.data.xml.RecipeData	RecipeData: Loaded 592 recipes.
2025.10.04 21:16:31,597	INFO	3	org.l2jmobius.gameserver.data.xml.ArmorSetData	ArmorSetData: Loaded 51 armor sets.
2025.10.04 21:16:31,600	INFO	3	org.l2jmobius.gameserver.data.xml.FishingData	FishingData: Loaded 2 bait and 2 rod data.
2025.10.04 21:16:31,628	INFO	3	org.l2jmobius.gameserver.data.xml.HennaData	HennaData: Loaded 372 henna data.
2025.10.04 21:16:31,632	INFO	3	org.l2jmobius.gameserver.data.xml.PrimeShopData	PrimeShopData: System is disabled.
2025.10.04 21:16:31,636	INFO	3	org.l2jmobius.gameserver.data.xml.LimitShopData	LimitShopData: Loaded 34 items.
2025.10.04 21:16:31,639	INFO	3	org.l2jmobius.gameserver.data.xml.RaidDropAnnounceData	RaidDropAnnounceData: Loaded 1 raid drop announce data.
2025.10.04 21:16:31,649	INFO	3	org.l2jmobius.gameserver.data.xml.AppearanceItemData	AppearanceItemData: Loaded 2 stones.
2025.10.04 21:16:31,679	INFO	3	org.l2jmobius.gameserver.model.costumes.Costumes	Costumes: Loaded 159 costumes.
2025.10.04 21:16:31,679	INFO	3	org.l2jmobius.gameserver.model.costumes.Costumes	Costumes: Loaded 5 costumes grade.
2025.10.04 21:16:31,679	INFO	3	org.l2jmobius.gameserver.model.costumes.Costumes	Costumes: Loaded 12 collections.
2025.10.04 21:16:31,679	INFO	3	org.l2jmobius.gameserver.model.costumes.Costumes	Costumes: Loaded 12 collections skills.
2025.10.04 21:16:31,685	INFO	3	org.l2jmobius.commons.util.IXmlReader	LuckyGameData: Loaded 2 lucky game data.
2025.10.04 21:16:31,691	INFO	3	org.l2jmobius.gameserver.data.xml.MableGameData	MableGameData: Loaded (40 cells)
2025.10.04 21:16:31,695	INFO	3	org.l2jmobius.gameserver.data.xml.AttendanceRewardData	AttendanceRewardData: Disabled.
2025.10.04 21:16:31,711	INFO	3	org.l2jmobius.commons.util.IXmlReader	RandomCraftData: Loaded 4260 extraction data.
2025.10.04 21:16:31,713	INFO	3	org.l2jmobius.commons.util.IXmlReader	RandomCraftData: Loaded 78 rewards.
2025.10.04 21:16:31,716	INFO	3	org.l2jmobius.gameserver.data.xml.VipData	VipData: Loaded 11 vips.
2025.10.04 21:16:31,717	INFO	3	org.l2jmobius.gameserver.GameServer	----------------------------------------------=[ Characters ]
2025.10.04 21:16:31,720	INFO	3	org.l2jmobius.gameserver.data.xml.ClassListData	ClassListData: Loaded 99 class data.
2025.10.04 21:16:31,723	INFO	3	org.l2jmobius.gameserver.data.xml.InitialEquipmentData	InitialEquipmentData: Loaded 10 initial equipment data.
2025.10.04 21:16:31,726	INFO	3	org.l2jmobius.gameserver.data.xml.InitialShortcutData	InitialShortcutData: Loaded 6 initial global shortcuts data.
2025.10.04 21:16:31,726	INFO	3	org.l2jmobius.gameserver.data.xml.InitialShortcutData	InitialShortcutData: Loaded 4 initial shortcuts data.
2025.10.04 21:16:31,726	INFO	3	org.l2jmobius.gameserver.data.xml.InitialShortcutData	InitialShortcutData: Loaded 0 macro presets.
2025.10.04 21:16:31,731	INFO	3	org.l2jmobius.gameserver.data.xml.ExperienceData	ExperienceData: Loaded 91 levels.
2025.10.04 21:16:31,731	INFO	3	org.l2jmobius.gameserver.data.xml.ExperienceData	ExperienceData: Max Player Level is 90.
2025.10.04 21:16:31,731	INFO	3	org.l2jmobius.gameserver.data.xml.ExperienceData	ExperienceData: Max Pet Level is 91.
2025.10.04 21:16:31,741	INFO	3	org.l2jmobius.gameserver.data.xml.KarmaData	KarmaData: Loaded 90 karma modifiers.
2025.10.04 21:16:31,744	INFO	3	org.l2jmobius.gameserver.data.xml.HitConditionBonusData	HitConditionBonusData: Loaded hit condition bonuses.
2025.10.04 21:16:31,946	INFO	3	org.l2jmobius.gameserver.data.xml.PlayerTemplateData	PlayerTemplateData: Loaded 99 character templates.
2025.10.04 21:16:31,946	INFO	3	org.l2jmobius.gameserver.data.xml.PlayerTemplateData	PlayerTemplateData: Loaded 53460 level up gain records.
2025.10.04 21:16:31,948	INFO	3	org.l2jmobius.gameserver.data.sql.CharInfoTable	CharInfoTable: Loaded 0 char names.
2025.10.04 21:16:31,950	INFO	3	org.l2jmobius.gameserver.data.sql.PartyMatchingHistoryTable	PartyMatchingHistoryTable: Loaded 0 party matching history data.
2025.10.04 21:16:31,954	INFO	3	org.l2jmobius.gameserver.data.xml.AdminData	AdminData: Loaded 10 access levels.
2025.10.04 21:16:31,957	INFO	3	org.l2jmobius.gameserver.data.xml.AdminData	AdminData: Loaded 464 access commands.
2025.10.04 21:16:32,251	INFO	3	org.l2jmobius.gameserver.data.xml.PetDataTable	PetDataTable: Loaded 53 pets.
2025.10.04 21:16:32,279	INFO	3	org.l2jmobius.gameserver.data.xml.CubicData	CubicData: Loaded 21 cubics.
2025.10.04 21:16:32,290	INFO	3	org.l2jmobius.gameserver.GameServer	---------------------------------------------------=[ Clans ]
2025.10.04 21:16:32,292	INFO	3	org.l2jmobius.gameserver.data.xml.ClanLevelData	ClanLevelData: Loaded 11 clan level data.
2025.10.04 21:16:32,303	INFO	3	org.l2jmobius.gameserver.communitybbs.Manager.ForumsBBSManager	ForumsBBSManager: Loaded 4 forums. Last forum id used: 4
2025.10.04 21:16:32,304	INFO	3	org.l2jmobius.gameserver.data.sql.ClanTable	ClanTable: Restored 0 clans from the database.
2025.10.04 21:16:32,309	INFO	3	org.l2jmobius.gameserver.data.xml.ResidenceFunctionsData	ResidenceFunctionsData: Loaded 8 functions.
2025.10.04 21:16:32,476	INFO	3	org.l2jmobius.gameserver.data.xml.ClanHallData	ClanHallData: Succesfully loaded 46 clan halls.
2025.10.04 21:16:32,477	INFO	3	org.l2jmobius.gameserver.managers.ClanHallAuctionManager	ClanHallAuctionManager: Clan Hall Auction has started!
2025.10.04 21:16:32,502	INFO	3	org.l2jmobius.gameserver.managers.ClanEntryManager	ClanEntryManager: Loaded 0 clan entries.
2025.10.04 21:16:32,503	INFO	3	org.l2jmobius.gameserver.managers.ClanEntryManager	ClanEntryManager: Loaded 0 players in waiting list.
2025.10.04 21:16:32,504	INFO	3	org.l2jmobius.gameserver.managers.ClanEntryManager	ClanEntryManager: Loaded 0 player applications.
2025.10.04 21:16:32,504	INFO	3	org.l2jmobius.gameserver.GameServer	-------------------------------------------------=[ Geodata ]
2025.10.04 21:16:32,516	INFO	3	org.l2jmobius.gameserver.geoengine.GeoEngine	GeoEngine: Loaded 0 regions.
2025.10.04 21:16:32,516	INFO	3	org.l2jmobius.gameserver.geoengine.GeoEngine	GeoEngine: Pathfinding is disabled.
2025.10.04 21:16:32,516	INFO	3	org.l2jmobius.gameserver.GameServer	----------------------------------------------------=[ NPCs ]
2025.10.04 21:16:33,327	INFO	3	org.l2jmobius.gameserver.data.xml.NpcData	NpcData: Loaded 6397 NPCs.
2025.10.04 21:16:33,346	INFO	3	org.l2jmobius.gameserver.data.xml.NpcData	NpcData: Loaded 20 custom NPCs.
2025.10.04 21:16:33,669	INFO	3	org.l2jmobius.gameserver.data.xml.SpawnData	SpawnData: Loaded 29302 spawns
2025.10.04 21:16:33,672	INFO	3	org.l2jmobius.gameserver.managers.WalkingManager	WalkingManager: Loaded 1 walking routes.
2025.10.04 21:16:33,682	INFO	3	org.l2jmobius.gameserver.data.xml.StaticObjectData	StaticObjectData: Loaded 86 static object templates.
2025.10.04 21:16:33,683	INFO	3	org.l2jmobius.gameserver.managers.ItemAuctionManager	ItemAuctionManager: Disabled.
2025.10.04 21:16:33,715	INFO	3	org.l2jmobius.gameserver.managers.InstanceManager	InstanceManager: Loaded 46 instance names.
2025.10.04 21:16:33,753	INFO	3	org.l2jmobius.gameserver.managers.InstanceManager	InstanceManager: Loaded 15 instance templates.
2025.10.04 21:16:33,754	INFO	3	org.l2jmobius.gameserver.managers.InstanceManager	InstanceManager: Loaded instance reenter times for 0 players.
2025.10.04 21:16:33,760	INFO	3	org.l2jmobius.gameserver.managers.CastleManager	CastleManager: Loaded 2 castles.
2025.10.04 21:16:33,766	INFO	3	org.l2jmobius.gameserver.data.SchemeBufferTable	SchemeBufferTable: Loaded 0 players schemes and 60 available buffs.
2025.10.04 21:16:33,770	INFO	3	org.l2jmobius.gameserver.managers.GrandBossManager	GrandBossManager: Queen Ant(29001) status is 0
2025.10.04 21:16:33,770	INFO	3	org.l2jmobius.gameserver.managers.GrandBossManager	GrandBossManager: Core(29006) status is 0
2025.10.04 21:16:33,770	INFO	3	org.l2jmobius.gameserver.managers.GrandBossManager	GrandBossManager: Orfen(29014) status is 0
2025.10.04 21:16:33,770	INFO	3	org.l2jmobius.gameserver.managers.GrandBossManager	GrandBossManager: Baium(29020) status is 0
2025.10.04 21:16:33,771	INFO	3	org.l2jmobius.gameserver.managers.GrandBossManager	GrandBossManager: Zaken(29022) status is 0
2025.10.04 21:16:33,771	INFO	3	org.l2jmobius.gameserver.managers.GrandBossManager	GrandBossManager: Antharas(29068) status is 0
2025.10.04 21:16:33,771	INFO	3	org.l2jmobius.gameserver.managers.GrandBossManager	GrandBossManager: Loaded 6 instances.
2025.10.04 21:16:33,771	INFO	3	org.l2jmobius.gameserver.GameServer	------------------------------------------------=[ Instance ]
2025.10.04 21:16:33,772	INFO	3	org.l2jmobius.gameserver.GameServer	------------------------------------------------=[ Olympiad ]
2025.10.04 21:16:33,780	INFO	3	org.l2jmobius.gameserver.model.olympiad.Olympiad	Olympiad System: Loading....
2025.10.04 21:16:33,780	INFO	3	org.l2jmobius.gameserver.model.olympiad.Olympiad	Olympiad System: Currently in Olympiad Period
2025.10.04 21:16:33,781	INFO	3	org.l2jmobius.gameserver.model.olympiad.Olympiad	Olympiad System: 29 days, 14 hours and 43 mins until period ends.
2025.10.04 21:16:33,781	INFO	3	org.l2jmobius.gameserver.model.olympiad.Olympiad	Olympiad System: Next weekly change is in 6 days, 23 hours and 50 mins.
2025.10.04 21:16:33,781	INFO	3	org.l2jmobius.gameserver.model.olympiad.Olympiad	Olympiad System: Loaded 0 Nobles
2025.10.04 21:16:33,784	INFO	3	org.l2jmobius.gameserver.model.olympiad.Olympiad	Olympiad System: Competition Period Starts in 0 days, 0 hours and 0 mins.
2025.10.04 21:16:33,796	INFO	3	org.l2jmobius.gameserver.model.olympiad.Olympiad	Olympiad System: Event starts/started: Sat Oct 04 20:00:33 GMT+07:00 2025
2025.10.04 21:16:33,800	INFO	3	org.l2jmobius.gameserver.model.olympiad.Hero	Hero System: Loaded 0 Heroes.
2025.10.04 21:16:33,800	INFO	3	org.l2jmobius.gameserver.model.olympiad.Hero	Hero System: Loaded 0 all time Heroes.
2025.10.04 21:16:33,800	INFO	3	org.l2jmobius.gameserver.GameServer	---------------------------------------------------=[ Cache ]
2025.10.04 21:16:33,800	INFO	3	org.l2jmobius.gameserver.cache.HtmCache	Cache[HTML]: Running lazy cache.
2025.10.04 21:16:33,802	INFO	3	org.l2jmobius.gameserver.data.sql.CrestTable	CrestTable: Loaded 0 Crests.
2025.10.04 21:16:33,805	INFO	3	org.l2jmobius.gameserver.data.xml.TeleportListData	TeleportListData: Loaded 90 teleports.
2025.10.04 21:16:33,806	INFO	3	org.l2jmobius.gameserver.managers.SharedTeleportManager	SharedTeleportManager: initialized.
2025.10.04 21:16:33,807	INFO	57	org.l2jmobius.gameserver.model.olympiad.Olympiad	Olympiad System: Olympiad Games have started.
2025.10.04 21:16:33,828	INFO	57	org.l2jmobius.gameserver.managers.DBSpawnManager	DBSpawnManager: Loaded 0 instances.
2025.10.04 21:16:33,828	INFO	57	org.l2jmobius.gameserver.managers.DBSpawnManager	DBSpawnManager: Scheduled 0 instances.
2025.10.04 21:16:33,885	INFO	57	org.l2jmobius.gameserver.model.olympiad.OlympiadGameManager	Olympiad System: Loaded 80 stadiums.
2025.10.04 21:16:36,107	INFO	3	org.l2jmobius.gameserver.data.xml.TeleporterData	TeleporterData: Loaded 92 npc teleporters.
2025.10.04 21:16:36,112	INFO	3	org.l2jmobius.gameserver.data.xml.TimedHuntingZoneData	TimedHuntingZoneData: Loaded 1 timed hunting zones.
2025.10.04 21:16:36,177	INFO	3	org.l2jmobius.gameserver.data.xml.TransformData	TransformData: Loaded 44 transform templates.
2025.10.04 21:16:36,181	INFO	3	org.l2jmobius.gameserver.data.BotReportTable	BotReportTable: Loaded 0 bot reports
2025.10.04 21:16:36,184	INFO	3	org.l2jmobius.gameserver.GameServer	-------------------------------------------------=[ Scripts ]
2025.10.04 21:16:36,189	INFO	3	org.l2jmobius.gameserver.managers.AirShipManager	AirShipManager: Loaded 0 private airships
2025.10.04 21:16:36,197	INFO	3	org.l2jmobius.gameserver.data.xml.ShuttleData	ShuttleData: Loaded 3 shuttles.
2025.10.04 21:16:36,197	INFO	3	org.l2jmobius.gameserver.GameServer	GameServer: Loading server scripts:
2025.10.04 21:16:37,742	INFO	3	handlers.MasterHandler	Loading Handlers...
2025.10.04 21:16:37,804	INFO	3	handlers.MasterHandler	ActionHandler: Loaded 10 handlers.
2025.10.04 21:16:37,804	INFO	3	handlers.MasterHandler	ActionShiftHandler: Loaded 6 handlers.
2025.10.04 21:16:37,804	INFO	3	handlers.MasterHandler	AdminCommandHandler: Loaded 460 handlers.
2025.10.04 21:16:37,804	INFO	3	handlers.MasterHandler	BypassHandler: Loaded 32 handlers.
2025.10.04 21:16:37,804	INFO	3	handlers.MasterHandler	ChatHandler: Loaded 14 handlers.
2025.10.04 21:16:37,804	INFO	3	handlers.MasterHandler	CommunityBoardHandler: Loaded 24 handlers.
2025.10.04 21:16:37,804	INFO	3	handlers.MasterHandler	ItemHandler: Loaded 32 handlers.
2025.10.04 21:16:37,804	INFO	3	handlers.MasterHandler	PunishmentHandler: Loaded 3 handlers.
2025.10.04 21:16:37,804	INFO	3	handlers.MasterHandler	UserCommandHandler: Loaded 16 handlers.
2025.10.04 21:16:37,804	INFO	3	handlers.MasterHandler	VoicedCommandHandler: Loaded 7 handlers.
2025.10.04 21:16:37,804	INFO	3	handlers.MasterHandler	TargetHandler: Loaded 22 handlers.
2025.10.04 21:16:37,804	INFO	3	handlers.MasterHandler	AffectObjectHandler: Loaded 11 handlers.
2025.10.04 21:16:37,804	INFO	3	handlers.MasterHandler	AffectScopeHandler: Loaded 19 handlers.
2025.10.04 21:16:37,804	INFO	3	handlers.MasterHandler	PlayerActionHandler: Loaded 24 handlers.
2025.10.04 21:16:37,804	INFO	3	handlers.MasterHandler	Handlers Loaded...
2025.10.04 21:16:39,249	INFO	3	org.l2jmobius.gameserver.managers.GrandBossManager	GrandBossManager: Updated Zaken(29022) status to 0.
2025.10.04 21:16:39,269	INFO	3	ai.others.ClassMaster.ClassMaster	ClassMaster: Loaded 0 class change options.
2025.10.04 21:16:39,327	INFO	3	org.l2jmobius.gameserver.model.quest.Quest	Event Chef Monkey Event has passed... Ignored 
2025.10.04 21:16:39,330	INFO	3	org.l2jmobius.gameserver.model.quest.Quest	Event Eve the Fortune Teller has passed... Ignored 
2025.10.04 21:16:39,335	INFO	3	org.l2jmobius.gameserver.model.quest.Quest	Event Happy Hours has passed... Ignored 
2025.10.04 21:16:39,342	INFO	3	org.l2jmobius.gameserver.model.quest.Quest	Event Letter Collector active till Sat Jul 29 00:00:00 GMT+07:00 2034
2025.10.04 21:16:39,346	INFO	3	org.l2jmobius.gameserver.managers.events.LetterCollectorManager	LetterCollectorManager: Loaded 3 words.
2025.10.04 21:16:39,346	INFO	3	org.l2jmobius.gameserver.managers.events.LetterCollectorManager	LetterCollectorManager: Loaded 12 letters.
2025.10.04 21:16:39,349	INFO	3	org.l2jmobius.gameserver.model.quest.Quest	Event Merry Squashmas Event has passed... Ignored 
2025.10.04 21:16:39,352	INFO	3	org.l2jmobius.gameserver.model.quest.Quest	Event Squash Event has passed... Ignored 
2025.10.04 21:16:39,355	INFO	3	org.l2jmobius.gameserver.model.quest.Quest	Event The Power Of Love has passed... Ignored 
2025.10.04 21:16:39,357	INFO	3	org.l2jmobius.gameserver.model.quest.Quest	Event Total Recall has passed... Ignored 
2025.10.04 21:16:39,361	INFO	3	org.l2jmobius.gameserver.model.quest.Quest	Event Watermelon Ninja has passed... Ignored 
2025.10.04 21:16:39,427	INFO	3	org.l2jmobius.gameserver.data.xml.SpawnData	SpawnData: Initializing spawns...
2025.10.04 21:16:41,723	INFO	3	org.l2jmobius.gameserver.data.xml.SpawnData	SpawnData: All spawns has been initialized!
2025.10.04 21:16:41,724	INFO	3	org.l2jmobius.gameserver.GameServer	---------------------------------------------------=[ Siege ]
2025.10.04 21:16:41,731	INFO	3	org.l2jmobius.gameserver.data.xml.SiegeScheduleData	SiegeScheduleData: Loaded 2 siege schedulers.
2025.10.04 21:16:41,737	INFO	3	org.l2jmobius.gameserver.model.siege.Siege	Siege of Giran: Sun Oct 12 20:00:00 GMT+07:00 2025
2025.10.04 21:16:41,747	INFO	3	org.l2jmobius.gameserver.model.siege.Siege	Siege of Goddard: Sun Oct 12 20:00:00 GMT+07:00 2025
2025.10.04 21:16:41,758	INFO	3	org.l2jmobius.gameserver.managers.FortManager	FortManager: Loaded 1 fortress.
2025.10.04 21:16:41,772	INFO	3	org.l2jmobius.gameserver.managers.CastleManorManager	CastleManorManager: Manor system is deactivated.
2025.10.04 21:16:41,777	INFO	3	org.l2jmobius.gameserver.managers.SiegeGuardManager	SiegeGuardManager: Loaded 0 siege guards tickets.
2025.10.04 21:16:41,777	INFO	3	org.l2jmobius.gameserver.managers.QuestManager	QuestManager: Loaded 56 quests.
2025.10.04 21:16:41,777	INFO	3	org.l2jmobius.gameserver.managers.QuestManager	QuestManager: Loaded 117 scripts.
2025.10.04 21:16:41,790	INFO	3	org.l2jmobius.gameserver.taskmanagers.PersistentTaskManager	PersistentTaskManager: Loaded 5 Tasks.
2025.10.04 21:16:41,792	INFO	3	org.l2jmobius.gameserver.managers.DailyResetManager	DailyResetManager: Daily task will run now.
2025.10.04 21:16:41,792	INFO	3	org.l2jmobius.gameserver.managers.DailyResetManager	Starting reset of daily tasks...
2025.10.04 21:16:41,792	INFO	3	org.l2jmobius.gameserver.managers.DailyResetManager	Daily clan bonuses have been reset.
2025.10.04 21:16:41,793	INFO	3	org.l2jmobius.gameserver.managers.DailyResetManager	Daily skill reuse cleaned.
2025.10.04 21:16:41,794	INFO	3	org.l2jmobius.gameserver.managers.DailyResetManager	Daily item reuse cleaned.
2025.10.04 21:16:41,794	INFO	3	org.l2jmobius.gameserver.managers.DailyResetManager	PrimeShopData have been reset.
2025.10.04 21:16:41,807	INFO	3	org.l2jmobius.gameserver.managers.DailyResetManager	Daily LimitShopData have been reset.
2025.10.04 21:16:41,808	INFO	3	org.l2jmobius.gameserver.managers.DailyResetManager	Daily world chat points have been reset.
2025.10.04 21:16:41,811	INFO	3	org.l2jmobius.gameserver.managers.DailyResetManager	Special Hunting Zones have been reset.
2025.10.04 21:16:41,830	INFO	3	org.l2jmobius.gameserver.managers.DailyResetManager	Attendance Rewards have been reset.
2025.10.04 21:16:41,833	INFO	3	org.l2jmobius.gameserver.managers.DailyResetManager	Daily tasks reset completed.
2025.10.04 21:16:41,837	INFO	3	org.l2jmobius.gameserver.managers.MailManager	MailManager: Loaded 0 messages.
2025.10.04 21:16:41,840	INFO	3	org.l2jmobius.gameserver.managers.PunishmentManager	PunishmentManager: Loaded 0 active and 0 expired punishments.
2025.10.04 21:16:41,841	INFO	3	org.l2jmobius.gameserver.GameServer	IdManager: Free ObjectID's remaining: 1879007384
2025.10.04 21:16:41,843	INFO	3	org.l2jmobius.gameserver.data.sql.OfflineTraderTable	OfflineTraderTable: Loading offline traders...
2025.10.04 21:16:41,844	INFO	3	org.l2jmobius.gameserver.data.sql.OfflineTraderTable	OfflineTraderTable: Loaded 0 offline traders.
2025.10.04 21:16:41,846	INFO	98	org.l2jmobius.commons.util.DeadlockWatcher	DeadlockWatcher: Thread started.
2025.10.04 21:16:44,170	INFO	3	org.l2jmobius.gameserver.GameServer	GameServer: Started, using 824 of 4096 MB total memory.
2025.10.04 21:16:44,170	INFO	3	org.l2jmobius.gameserver.GameServer	GameServer: Maximum number of connected players is 2000.
2025.10.04 21:16:44,170	INFO	3	org.l2jmobius.gameserver.GameServer	GameServer: Server loaded in 20 seconds.
2025.10.04 21:16:44,184	INFO	100	org.l2jmobius.gameserver.LoginServerThread	LoginServerThread: Connecting to login on 127.0.0.1:9014
2025.10.04 21:16:44,223	INFO	100	org.l2jmobius.gameserver.LoginServerThread	LoginServerThread: Registered on login as Server 2: Sieghardt
2025.10.04 21:19:32,314	WARNING	150	org.l2jmobius.gameserver.model.actor.Creature	Master access level set for character helo! Just a warning to be careful ;)
2025.10.04 21:46:41,839	INFO	49	org.l2jmobius.gameserver.managers.GlobalVariablesManager	GlobalVariablesManager: Stored 1 variables.
2025.10.04 21:46:41,842	INFO	49	org.l2jmobius.gameserver.managers.DailyResetManager	Olympiad System: Data updated.
2025.10.04 21:46:41,842	WARNING	49	org.l2jmobius.gameserver.data.xml.MableGameData	MableGameData: Saved player states.
2025.10.04 22:15:42,736	WARNING	81	ai.bosses.Antharas.Antharas	Antharas: Player helo attacked Antharas in invalid conditions!
2025.10.04 22:16:41,839	INFO	54	org.l2jmobius.gameserver.managers.GlobalVariablesManager	GlobalVariablesManager: Stored 1 variables.
2025.10.04 22:16:41,840	INFO	54	org.l2jmobius.gameserver.managers.DailyResetManager	Olympiad System: Data updated.
2025.10.04 22:16:41,841	WARNING	54	org.l2jmobius.gameserver.data.xml.MableGameData	MableGameData: Saved player states.
2025.10.04 22:19:37,146	WARNING	138	org.l2jmobius.gameserver.data.xml.SkillData	SkillData: Call to unexisting skill level id: 50193 requested level: 13 max level: 11.
java.lang.Exception
	at org.l2jmobius.gameserver.data.xml.SkillData.getSkill(SkillData.java:988)
	at org.l2jmobius.gameserver.model.skill.holders.SkillHolder.getSkill(SkillHolder.java:76)
	at org.l2jmobius.gameserver.model.item.instance.Item.lambda$giveSkillsToOwner$1(Item.java:2141)
	at org.l2jmobius.gameserver.model.item.ItemTemplate.forEachSkill(ItemTemplate.java:901)
	at org.l2jmobius.gameserver.model.item.instance.Item.giveSkillsToOwner(Item.java:2139)
	at org.l2jmobius.gameserver.model.item.instance.Item.setItemLocation(Item.java:463)
	at org.l2jmobius.gameserver.model.item.instance.Item.setItemLocation(Item.java:432)
	at org.l2jmobius.gameserver.model.itemcontainer.Inventory.setPaperdollItem(Inventory.java:1734)
	at org.l2jmobius.gameserver.model.itemcontainer.Inventory.equipTalisman(Inventory.java:2590)
	at org.l2jmobius.gameserver.model.itemcontainer.Inventory.equipItem(Inventory.java:2392)
	at org.l2jmobius.gameserver.model.itemcontainer.Inventory.equipItemAndRecord(Inventory.java:2193)
	at org.l2jmobius.gameserver.model.actor.Player.useEquippableItem(Player.java:2335)
	at org.l2jmobius.gameserver.network.clientpackets.UseItem.runImpl(UseItem.java:335)
	at org.l2jmobius.gameserver.network.clientpackets.ClientPacket.run(ClientPacket.java:58)
	at org.l2jmobius.commons.network.PacketExecutor$PacketRunnable.run(PacketExecutor.java:74)
	at java.base/java.util.concurrent.ThreadPoolExecutor.runWorker(ThreadPoolExecutor.java:1090)
	at java.base/java.util.concurrent.ThreadPoolExecutor$Worker.run(ThreadPoolExecutor.java:614)
	at java.base/java.lang.Thread.run(Thread.java:1474)

2025.10.04 22:19:37,147	WARNING	138	org.l2jmobius.gameserver.data.xml.SkillData	SkillData: Call to unexisting skill level id: 50193 requested level: 15 max level: 11.
java.lang.Exception
	at org.l2jmobius.gameserver.data.xml.SkillData.getSkill(SkillData.java:988)
	at org.l2jmobius.gameserver.model.skill.holders.SkillHolder.getSkill(SkillHolder.java:76)
	at org.l2jmobius.gameserver.model.item.instance.Item.lambda$giveSkillsToOwner$1(Item.java:2141)
	at org.l2jmobius.gameserver.model.item.ItemTemplate.forEachSkill(ItemTemplate.java:901)
	at org.l2jmobius.gameserver.model.item.instance.Item.giveSkillsToOwner(Item.java:2139)
	at org.l2jmobius.gameserver.model.item.instance.Item.setItemLocation(Item.java:463)
	at org.l2jmobius.gameserver.model.item.instance.Item.setItemLocation(Item.java:432)
	at org.l2jmobius.gameserver.model.itemcontainer.Inventory.setPaperdollItem(Inventory.java:1734)
	at org.l2jmobius.gameserver.model.itemcontainer.Inventory.equipTalisman(Inventory.java:2590)
	at org.l2jmobius.gameserver.model.itemcontainer.Inventory.equipItem(Inventory.java:2392)
	at org.l2jmobius.gameserver.model.itemcontainer.Inventory.equipItemAndRecord(Inventory.java:2193)
	at org.l2jmobius.gameserver.model.actor.Player.useEquippableItem(Player.java:2335)
	at org.l2jmobius.gameserver.network.clientpackets.UseItem.runImpl(UseItem.java:335)
	at org.l2jmobius.gameserver.network.clientpackets.ClientPacket.run(ClientPacket.java:58)
	at org.l2jmobius.commons.network.PacketExecutor$PacketRunnable.run(PacketExecutor.java:74)
	at java.base/java.util.concurrent.ThreadPoolExecutor.runWorker(ThreadPoolExecutor.java:1090)
	at java.base/java.util.concurrent.ThreadPoolExecutor$Worker.run(ThreadPoolExecutor.java:614)
	at java.base/java.lang.Thread.run(Thread.java:1474)

2025.10.04 22:19:37,147	WARNING	138	org.l2jmobius.gameserver.data.xml.SkillData	SkillData: Call to unexisting skill level id: 50193 requested level: 17 max level: 11.
java.lang.Exception
	at org.l2jmobius.gameserver.data.xml.SkillData.getSkill(SkillData.java:988)
	at org.l2jmobius.gameserver.model.skill.holders.SkillHolder.getSkill(SkillHolder.java:76)
	at org.l2jmobius.gameserver.model.item.instance.Item.lambda$giveSkillsToOwner$1(Item.java:2141)
	at org.l2jmobius.gameserver.model.item.ItemTemplate.forEachSkill(ItemTemplate.java:901)
	at org.l2jmobius.gameserver.model.item.instance.Item.giveSkillsToOwner(Item.java:2139)
	at org.l2jmobius.gameserver.model.item.instance.Item.setItemLocation(Item.java:463)
	at org.l2jmobius.gameserver.model.item.instance.Item.setItemLocation(Item.java:432)
	at org.l2jmobius.gameserver.model.itemcontainer.Inventory.setPaperdollItem(Inventory.java:1734)
	at org.l2jmobius.gameserver.model.itemcontainer.Inventory.equipTalisman(Inventory.java:2590)
	at org.l2jmobius.gameserver.model.itemcontainer.Inventory.equipItem(Inventory.java:2392)
	at org.l2jmobius.gameserver.model.itemcontainer.Inventory.equipItemAndRecord(Inventory.java:2193)
	at org.l2jmobius.gameserver.model.actor.Player.useEquippableItem(Player.java:2335)
	at org.l2jmobius.gameserver.network.clientpackets.UseItem.runImpl(UseItem.java:335)
	at org.l2jmobius.gameserver.network.clientpackets.ClientPacket.run(ClientPacket.java:58)
	at org.l2jmobius.commons.network.PacketExecutor$PacketRunnable.run(PacketExecutor.java:74)
	at java.base/java.util.concurrent.ThreadPoolExecutor.runWorker(ThreadPoolExecutor.java:1090)
	at java.base/java.util.concurrent.ThreadPoolExecutor$Worker.run(ThreadPoolExecutor.java:614)
	at java.base/java.lang.Thread.run(Thread.java:1474)

2025.10.04 22:19:37,147	WARNING	138	org.l2jmobius.gameserver.data.xml.SkillData	SkillData: Call to unexisting skill level id: 50193 requested level: 19 max level: 11.
java.lang.Exception
	at org.l2jmobius.gameserver.data.xml.SkillData.getSkill(SkillData.java:988)
	at org.l2jmobius.gameserver.model.skill.holders.SkillHolder.getSkill(SkillHolder.java:76)
	at org.l2jmobius.gameserver.model.item.instance.Item.lambda$giveSkillsToOwner$1(Item.java:2141)
	at org.l2jmobius.gameserver.model.item.ItemTemplate.forEachSkill(ItemTemplate.java:901)
	at org.l2jmobius.gameserver.model.item.instance.Item.giveSkillsToOwner(Item.java:2139)
	at org.l2jmobius.gameserver.model.item.instance.Item.setItemLocation(Item.java:463)
	at org.l2jmobius.gameserver.model.item.instance.Item.setItemLocation(Item.java:432)
	at org.l2jmobius.gameserver.model.itemcontainer.Inventory.setPaperdollItem(Inventory.java:1734)
	at org.l2jmobius.gameserver.model.itemcontainer.Inventory.equipTalisman(Inventory.java:2590)
	at org.l2jmobius.gameserver.model.itemcontainer.Inventory.equipItem(Inventory.java:2392)
	at org.l2jmobius.gameserver.model.itemcontainer.Inventory.equipItemAndRecord(Inventory.java:2193)
	at org.l2jmobius.gameserver.model.actor.Player.useEquippableItem(Player.java:2335)
	at org.l2jmobius.gameserver.network.clientpackets.UseItem.runImpl(UseItem.java:335)
	at org.l2jmobius.gameserver.network.clientpackets.ClientPacket.run(ClientPacket.java:58)
	at org.l2jmobius.commons.network.PacketExecutor$PacketRunnable.run(PacketExecutor.java:74)
	at java.base/java.util.concurrent.ThreadPoolExecutor.runWorker(ThreadPoolExecutor.java:1090)
	at java.base/java.util.concurrent.ThreadPoolExecutor$Worker.run(ThreadPoolExecutor.java:614)
	at java.base/java.lang.Thread.run(Thread.java:1474)

2025.10.04 22:19:37,147	WARNING	138	org.l2jmobius.gameserver.data.xml.SkillData	SkillData: Call to unexisting skill level id: 50193 requested level: 21 max level: 11.
java.lang.Exception
	at org.l2jmobius.gameserver.data.xml.SkillData.getSkill(SkillData.java:988)
	at org.l2jmobius.gameserver.model.skill.holders.SkillHolder.getSkill(SkillHolder.java:76)
	at org.l2jmobius.gameserver.model.item.instance.Item.lambda$giveSkillsToOwner$1(Item.java:2141)
	at org.l2jmobius.gameserver.model.item.ItemTemplate.forEachSkill(ItemTemplate.java:901)
	at org.l2jmobius.gameserver.model.item.instance.Item.giveSkillsToOwner(Item.java:2139)
	at org.l2jmobius.gameserver.model.item.instance.Item.setItemLocation(Item.java:463)
	at org.l2jmobius.gameserver.model.item.instance.Item.setItemLocation(Item.java:432)
	at org.l2jmobius.gameserver.model.itemcontainer.Inventory.setPaperdollItem(Inventory.java:1734)
	at org.l2jmobius.gameserver.model.itemcontainer.Inventory.equipTalisman(Inventory.java:2590)
	at org.l2jmobius.gameserver.model.itemcontainer.Inventory.equipItem(Inventory.java:2392)
	at org.l2jmobius.gameserver.model.itemcontainer.Inventory.equipItemAndRecord(Inventory.java:2193)
	at org.l2jmobius.gameserver.model.actor.Player.useEquippableItem(Player.java:2335)
	at org.l2jmobius.gameserver.network.clientpackets.UseItem.runImpl(UseItem.java:335)
	at org.l2jmobius.gameserver.network.clientpackets.ClientPacket.run(ClientPacket.java:58)
	at org.l2jmobius.commons.network.PacketExecutor$PacketRunnable.run(PacketExecutor.java:74)
	at java.base/java.util.concurrent.ThreadPoolExecutor.runWorker(ThreadPoolExecutor.java:1090)
	at java.base/java.util.concurrent.ThreadPoolExecutor$Worker.run(ThreadPoolExecutor.java:614)
	at java.base/java.lang.Thread.run(Thread.java:1474)

2025.10.04 22:32:21,587	WARNING	66	org.l2jmobius.gameserver.data.xml.SkillData	SkillData: No skill info found for skill id 5015 and skill level 2.
java.lang.Exception
	at org.l2jmobius.gameserver.data.xml.SkillData.getSkill(SkillData.java:992)
	at org.l2jmobius.gameserver.data.xml.SkillData.getSkill(SkillData.java:961)
	at instances.LastImperialTomb.ScarletVanHalisha.getRndSkills(ScarletVanHalisha.java:118)
	at instances.LastImperialTomb.ScarletVanHalisha.getSkillAI(ScarletVanHalisha.java:178)
	at instances.LastImperialTomb.ScarletVanHalisha.onEvent(ScarletVanHalisha.java:76)
	at org.l2jmobius.gameserver.model.quest.Quest.notifyEvent(Quest.java:654)
	at org.l2jmobius.gameserver.model.quest.QuestTimer$ScheduleTimerTask.run(QuestTimer.java:161)
	at org.l2jmobius.commons.threads.ThreadPool$RunnableWrapper.run(ThreadPool.java:247)
	at java.base/java.util.concurrent.Executors$RunnableAdapter.call(Executors.java:545)
	at java.base/java.util.concurrent.FutureTask.runAndReset(FutureTask.java:369)
	at java.base/java.util.concurrent.ScheduledThreadPoolExecutor$ScheduledFutureTask.run(ScheduledThreadPoolExecutor.java:310)
	at java.base/java.util.concurrent.ThreadPoolExecutor.runWorker(ThreadPoolExecutor.java:1090)
	at java.base/java.util.concurrent.ThreadPoolExecutor$Worker.run(ThreadPoolExecutor.java:614)
	at java.base/java.lang.Thread.run(Thread.java:1474)

2025.10.04 22:32:24,087	WARNING	53	org.l2jmobius.gameserver.data.xml.SkillData	SkillData: No skill info found for skill id 5015 and skill level 5.
java.lang.Exception
	at org.l2jmobius.gameserver.data.xml.SkillData.getSkill(SkillData.java:992)
	at org.l2jmobius.gameserver.data.xml.SkillData.getSkill(SkillData.java:961)
	at instances.LastImperialTomb.ScarletVanHalisha.getRndSkills(ScarletVanHalisha.java:122)
	at instances.LastImperialTomb.ScarletVanHalisha.getSkillAI(ScarletVanHalisha.java:178)
	at instances.LastImperialTomb.ScarletVanHalisha.onEvent(ScarletVanHalisha.java:76)
	at org.l2jmobius.gameserver.model.quest.Quest.notifyEvent(Quest.java:654)
	at org.l2jmobius.gameserver.model.quest.QuestTimer$ScheduleTimerTask.run(QuestTimer.java:161)
	at org.l2jmobius.commons.threads.ThreadPool$RunnableWrapper.run(ThreadPool.java:247)
	at java.base/java.util.concurrent.Executors$RunnableAdapter.call(Executors.java:545)
	at java.base/java.util.concurrent.FutureTask.runAndReset(FutureTask.java:369)
	at java.base/java.util.concurrent.ScheduledThreadPoolExecutor$ScheduledFutureTask.run(ScheduledThreadPoolExecutor.java:310)
	at java.base/java.util.concurrent.ThreadPoolExecutor.runWorker(ThreadPoolExecutor.java:1090)
	at java.base/java.util.concurrent.ThreadPoolExecutor$Worker.run(ThreadPoolExecutor.java:614)
	at java.base/java.lang.Thread.run(Thread.java:1474)

2025.10.04 22:32:24,087	WARNING	53	org.l2jmobius.gameserver.data.xml.SkillData	SkillData: No skill info found for skill id 5015 and skill level 2.
java.lang.Exception
	at org.l2jmobius.gameserver.data.xml.SkillData.getSkill(SkillData.java:992)
	at org.l2jmobius.gameserver.data.xml.SkillData.getSkill(SkillData.java:961)
	at instances.LastImperialTomb.ScarletVanHalisha.getRndSkills(ScarletVanHalisha.java:118)
	at instances.LastImperialTomb.ScarletVanHalisha.getSkillAI(ScarletVanHalisha.java:185)
	at instances.LastImperialTomb.ScarletVanHalisha.onEvent(ScarletVanHalisha.java:76)
	at org.l2jmobius.gameserver.model.quest.Quest.notifyEvent(Quest.java:654)
	at org.l2jmobius.gameserver.model.quest.QuestTimer$ScheduleTimerTask.run(QuestTimer.java:161)
	at org.l2jmobius.commons.threads.ThreadPool$RunnableWrapper.run(ThreadPool.java:247)
	at java.base/java.util.concurrent.Executors$RunnableAdapter.call(Executors.java:545)
	at java.base/java.util.concurrent.FutureTask.runAndReset(FutureTask.java:369)
	at java.base/java.util.concurrent.ScheduledThreadPoolExecutor$ScheduledFutureTask.run(ScheduledThreadPoolExecutor.java:310)
	at java.base/java.util.concurrent.ThreadPoolExecutor.runWorker(ThreadPoolExecutor.java:1090)
	at java.base/java.util.concurrent.ThreadPoolExecutor$Worker.run(ThreadPoolExecutor.java:614)
	at java.base/java.lang.Thread.run(Thread.java:1474)

2025.10.04 22:32:34,188	WARNING	73	org.l2jmobius.gameserver.model.events.EventDispatcher	EventDispatcher: Exception during notification of event: OnAttackableKill listener: ConsumerEventListener
2025.10.04 22:32:40,587	WARNING	70	org.l2jmobius.gameserver.data.xml.SkillData	SkillData: No skill info found for skill id 5015 and skill level 2.
java.lang.Exception
	at org.l2jmobius.gameserver.data.xml.SkillData.getSkill(SkillData.java:992)
	at org.l2jmobius.gameserver.data.xml.SkillData.getSkill(SkillData.java:961)
	at instances.LastImperialTomb.ScarletVanHalisha.getRndSkills(ScarletVanHalisha.java:118)
	at instances.LastImperialTomb.ScarletVanHalisha.getSkillAI(ScarletVanHalisha.java:178)
	at instances.LastImperialTomb.ScarletVanHalisha.onEvent(ScarletVanHalisha.java:76)
	at org.l2jmobius.gameserver.model.quest.Quest.notifyEvent(Quest.java:654)
	at org.l2jmobius.gameserver.model.quest.QuestTimer$ScheduleTimerTask.run(QuestTimer.java:161)
	at org.l2jmobius.commons.threads.ThreadPool$RunnableWrapper.run(ThreadPool.java:247)
	at java.base/java.util.concurrent.Executors$RunnableAdapter.call(Executors.java:545)
	at java.base/java.util.concurrent.FutureTask.runAndReset(FutureTask.java:369)
	at java.base/java.util.concurrent.ScheduledThreadPoolExecutor$ScheduledFutureTask.run(ScheduledThreadPoolExecutor.java:310)
	at java.base/java.util.concurrent.ThreadPoolExecutor.runWorker(ThreadPoolExecutor.java:1090)
	at java.base/java.util.concurrent.ThreadPoolExecutor$Worker.run(ThreadPoolExecutor.java:614)
	at java.base/java.lang.Thread.run(Thread.java:1474)

2025.10.04 22:32:49,087	WARNING	59	org.l2jmobius.gameserver.data.xml.SkillData	SkillData: No skill info found for skill id 5015 and skill level 2.
java.lang.Exception
	at org.l2jmobius.gameserver.data.xml.SkillData.getSkill(SkillData.java:992)
	at org.l2jmobius.gameserver.data.xml.SkillData.getSkill(SkillData.java:961)
	at instances.LastImperialTomb.ScarletVanHalisha.getRndSkills(ScarletVanHalisha.java:118)
	at instances.LastImperialTomb.ScarletVanHalisha.getSkillAI(ScarletVanHalisha.java:178)
	at instances.LastImperialTomb.ScarletVanHalisha.onEvent(ScarletVanHalisha.java:76)
	at org.l2jmobius.gameserver.model.quest.Quest.notifyEvent(Quest.java:654)
	at org.l2jmobius.gameserver.model.quest.QuestTimer$ScheduleTimerTask.run(QuestTimer.java:161)
	at org.l2jmobius.commons.threads.ThreadPool$RunnableWrapper.run(ThreadPool.java:247)
	at java.base/java.util.concurrent.Executors$RunnableAdapter.call(Executors.java:545)
	at java.base/java.util.concurrent.FutureTask.runAndReset(FutureTask.java:369)
	at java.base/java.util.concurrent.ScheduledThreadPoolExecutor$ScheduledFutureTask.run(ScheduledThreadPoolExecutor.java:310)
	at java.base/java.util.concurrent.ThreadPoolExecutor.runWorker(ThreadPoolExecutor.java:1090)
	at java.base/java.util.concurrent.ThreadPoolExecutor$Worker.run(ThreadPoolExecutor.java:614)
	at java.base/java.lang.Thread.run(Thread.java:1474)

2025.10.04 22:32:49,087	WARNING	59	org.l2jmobius.gameserver.data.xml.SkillData	SkillData: No skill info found for skill id 5015 and skill level 2.
java.lang.Exception
	at org.l2jmobius.gameserver.data.xml.SkillData.getSkill(SkillData.java:992)
	at org.l2jmobius.gameserver.data.xml.SkillData.getSkill(SkillData.java:961)
	at instances.LastImperialTomb.ScarletVanHalisha.getRndSkills(ScarletVanHalisha.java:118)
	at instances.LastImperialTomb.ScarletVanHalisha.getSkillAI(ScarletVanHalisha.java:185)
	at instances.LastImperialTomb.ScarletVanHalisha.onEvent(ScarletVanHalisha.java:76)
	at org.l2jmobius.gameserver.model.quest.Quest.notifyEvent(Quest.java:654)
	at org.l2jmobius.gameserver.model.quest.QuestTimer$ScheduleTimerTask.run(QuestTimer.java:161)
	at org.l2jmobius.commons.threads.ThreadPool$RunnableWrapper.run(ThreadPool.java:247)
	at java.base/java.util.concurrent.Executors$RunnableAdapter.call(Executors.java:545)
	at java.base/java.util.concurrent.FutureTask.runAndReset(FutureTask.java:369)
	at java.base/java.util.concurrent.ScheduledThreadPoolExecutor$ScheduledFutureTask.run(ScheduledThreadPoolExecutor.java:310)
	at java.base/java.util.concurrent.ThreadPoolExecutor.runWorker(ThreadPoolExecutor.java:1090)
	at java.base/java.util.concurrent.ThreadPoolExecutor$Worker.run(ThreadPoolExecutor.java:614)
	at java.base/java.lang.Thread.run(Thread.java:1474)

2025.10.04 22:33:04,587	WARNING	66	org.l2jmobius.gameserver.data.xml.SkillData	SkillData: No skill info found for skill id 5015 and skill level 5.
java.lang.Exception
	at org.l2jmobius.gameserver.data.xml.SkillData.getSkill(SkillData.java:992)
	at org.l2jmobius.gameserver.data.xml.SkillData.getSkill(SkillData.java:961)
	at instances.LastImperialTomb.ScarletVanHalisha.getRndSkills(ScarletVanHalisha.java:122)
	at instances.LastImperialTomb.ScarletVanHalisha.getSkillAI(ScarletVanHalisha.java:178)
	at instances.LastImperialTomb.ScarletVanHalisha.onEvent(ScarletVanHalisha.java:76)
	at org.l2jmobius.gameserver.model.quest.Quest.notifyEvent(Quest.java:654)
	at org.l2jmobius.gameserver.model.quest.QuestTimer$ScheduleTimerTask.run(QuestTimer.java:161)
	at org.l2jmobius.commons.threads.ThreadPool$RunnableWrapper.run(ThreadPool.java:247)
	at java.base/java.util.concurrent.Executors$RunnableAdapter.call(Executors.java:545)
	at java.base/java.util.concurrent.FutureTask.runAndReset(FutureTask.java:369)
	at java.base/java.util.concurrent.ScheduledThreadPoolExecutor$ScheduledFutureTask.run(ScheduledThreadPoolExecutor.java:310)
	at java.base/java.util.concurrent.ThreadPoolExecutor.runWorker(ThreadPoolExecutor.java:1090)
	at java.base/java.util.concurrent.ThreadPoolExecutor$Worker.run(ThreadPoolExecutor.java:614)
	at java.base/java.lang.Thread.run(Thread.java:1474)

2025.10.04 22:33:07,087	WARNING	59	org.l2jmobius.gameserver.data.xml.SkillData	SkillData: No skill info found for skill id 5015 and skill level 5.
java.lang.Exception
	at org.l2jmobius.gameserver.data.xml.SkillData.getSkill(SkillData.java:992)
	at org.l2jmobius.gameserver.data.xml.SkillData.getSkill(SkillData.java:961)
	at instances.LastImperialTomb.ScarletVanHalisha.getRndSkills(ScarletVanHalisha.java:122)
	at instances.LastImperialTomb.ScarletVanHalisha.getSkillAI(ScarletVanHalisha.java:178)
	at instances.LastImperialTomb.ScarletVanHalisha.onEvent(ScarletVanHalisha.java:76)
	at org.l2jmobius.gameserver.model.quest.Quest.notifyEvent(Quest.java:654)
	at org.l2jmobius.gameserver.model.quest.QuestTimer$ScheduleTimerTask.run(QuestTimer.java:161)
	at org.l2jmobius.commons.threads.ThreadPool$RunnableWrapper.run(ThreadPool.java:247)
	at java.base/java.util.concurrent.Executors$RunnableAdapter.call(Executors.java:545)
	at java.base/java.util.concurrent.FutureTask.runAndReset(FutureTask.java:369)
	at java.base/java.util.concurrent.ScheduledThreadPoolExecutor$ScheduledFutureTask.run(ScheduledThreadPoolExecutor.java:310)
	at java.base/java.util.concurrent.ThreadPoolExecutor.runWorker(ThreadPoolExecutor.java:1090)
	at java.base/java.util.concurrent.ThreadPoolExecutor$Worker.run(ThreadPoolExecutor.java:614)
	at java.base/java.lang.Thread.run(Thread.java:1474)

2025.10.04 22:33:15,587	WARNING	68	org.l2jmobius.gameserver.data.xml.SkillData	SkillData: No skill info found for skill id 5015 and skill level 2.
java.lang.Exception
	at org.l2jmobius.gameserver.data.xml.SkillData.getSkill(SkillData.java:992)
	at org.l2jmobius.gameserver.data.xml.SkillData.getSkill(SkillData.java:961)
	at instances.LastImperialTomb.ScarletVanHalisha.getRndSkills(ScarletVanHalisha.java:118)
	at instances.LastImperialTomb.ScarletVanHalisha.getSkillAI(ScarletVanHalisha.java:178)
	at instances.LastImperialTomb.ScarletVanHalisha.onEvent(ScarletVanHalisha.java:76)
	at org.l2jmobius.gameserver.model.quest.Quest.notifyEvent(Quest.java:654)
	at org.l2jmobius.gameserver.model.quest.QuestTimer$ScheduleTimerTask.run(QuestTimer.java:161)
	at org.l2jmobius.commons.threads.ThreadPool$RunnableWrapper.run(ThreadPool.java:247)
	at java.base/java.util.concurrent.Executors$RunnableAdapter.call(Executors.java:545)
	at java.base/java.util.concurrent.FutureTask.runAndReset(FutureTask.java:369)
	at java.base/java.util.concurrent.ScheduledThreadPoolExecutor$ScheduledFutureTask.run(ScheduledThreadPoolExecutor.java:310)
	at java.base/java.util.concurrent.ThreadPoolExecutor.runWorker(ThreadPoolExecutor.java:1090)
	at java.base/java.util.concurrent.ThreadPoolExecutor$Worker.run(ThreadPoolExecutor.java:614)
	at java.base/java.lang.Thread.run(Thread.java:1474)

2025.10.04 22:33:26,087	WARNING	55	org.l2jmobius.gameserver.data.xml.SkillData	SkillData: No skill info found for skill id 5015 and skill level 2.
java.lang.Exception
	at org.l2jmobius.gameserver.data.xml.SkillData.getSkill(SkillData.java:992)
	at org.l2jmobius.gameserver.data.xml.SkillData.getSkill(SkillData.java:961)
	at instances.LastImperialTomb.ScarletVanHalisha.getRndSkills(ScarletVanHalisha.java:118)
	at instances.LastImperialTomb.ScarletVanHalisha.getSkillAI(ScarletVanHalisha.java:178)
	at instances.LastImperialTomb.ScarletVanHalisha.onEvent(ScarletVanHalisha.java:76)
	at org.l2jmobius.gameserver.model.quest.Quest.notifyEvent(Quest.java:654)
	at org.l2jmobius.gameserver.model.quest.QuestTimer$ScheduleTimerTask.run(QuestTimer.java:161)
	at org.l2jmobius.commons.threads.ThreadPool$RunnableWrapper.run(ThreadPool.java:247)
	at java.base/java.util.concurrent.Executors$RunnableAdapter.call(Executors.java:545)
	at java.base/java.util.concurrent.FutureTask.runAndReset(FutureTask.java:369)
	at java.base/java.util.concurrent.ScheduledThreadPoolExecutor$ScheduledFutureTask.run(ScheduledThreadPoolExecutor.java:310)
	at java.base/java.util.concurrent.ThreadPoolExecutor.runWorker(ThreadPoolExecutor.java:1090)
	at java.base/java.util.concurrent.ThreadPoolExecutor$Worker.run(ThreadPoolExecutor.java:614)
	at java.base/java.lang.Thread.run(Thread.java:1474)

2025.10.04 22:33:26,587	WARNING	57	org.l2jmobius.gameserver.data.xml.SkillData	SkillData: No skill info found for skill id 5015 and skill level 2.
java.lang.Exception
	at org.l2jmobius.gameserver.data.xml.SkillData.getSkill(SkillData.java:992)
	at org.l2jmobius.gameserver.data.xml.SkillData.getSkill(SkillData.java:961)
	at instances.LastImperialTomb.ScarletVanHalisha.getRndSkills(ScarletVanHalisha.java:118)
	at instances.LastImperialTomb.ScarletVanHalisha.getSkillAI(ScarletVanHalisha.java:178)
	at instances.LastImperialTomb.ScarletVanHalisha.onEvent(ScarletVanHalisha.java:76)
	at org.l2jmobius.gameserver.model.quest.Quest.notifyEvent(Quest.java:654)
	at org.l2jmobius.gameserver.model.quest.QuestTimer$ScheduleTimerTask.run(QuestTimer.java:161)
	at org.l2jmobius.commons.threads.ThreadPool$RunnableWrapper.run(ThreadPool.java:247)
	at java.base/java.util.concurrent.Executors$RunnableAdapter.call(Executors.java:545)
	at java.base/java.util.concurrent.FutureTask.runAndReset(FutureTask.java:369)
	at java.base/java.util.concurrent.ScheduledThreadPoolExecutor$ScheduledFutureTask.run(ScheduledThreadPoolExecutor.java:310)
	at java.base/java.util.concurrent.ThreadPoolExecutor.runWorker(ThreadPoolExecutor.java:1090)
	at java.base/java.util.concurrent.ThreadPoolExecutor$Worker.run(ThreadPoolExecutor.java:614)
	at java.base/java.lang.Thread.run(Thread.java:1474)

2025.10.04 22:33:26,587	WARNING	57	org.l2jmobius.gameserver.data.xml.SkillData	SkillData: No skill info found for skill id 5015 and skill level 5.
java.lang.Exception
	at org.l2jmobius.gameserver.data.xml.SkillData.getSkill(SkillData.java:992)
	at org.l2jmobius.gameserver.data.xml.SkillData.getSkill(SkillData.java:961)
	at instances.LastImperialTomb.ScarletVanHalisha.getRndSkills(ScarletVanHalisha.java:122)
	at instances.LastImperialTomb.ScarletVanHalisha.getSkillAI(ScarletVanHalisha.java:185)
	at instances.LastImperialTomb.ScarletVanHalisha.onEvent(ScarletVanHalisha.java:76)
	at org.l2jmobius.gameserver.model.quest.Quest.notifyEvent(Quest.java:654)
	at org.l2jmobius.gameserver.model.quest.QuestTimer$ScheduleTimerTask.run(QuestTimer.java:161)
	at org.l2jmobius.commons.threads.ThreadPool$RunnableWrapper.run(ThreadPool.java:247)
	at java.base/java.util.concurrent.Executors$RunnableAdapter.call(Executors.java:545)
	at java.base/java.util.concurrent.FutureTask.runAndReset(FutureTask.java:369)
	at java.base/java.util.concurrent.ScheduledThreadPoolExecutor$ScheduledFutureTask.run(ScheduledThreadPoolExecutor.java:310)
	at java.base/java.util.concurrent.ThreadPoolExecutor.runWorker(ThreadPoolExecutor.java:1090)
	at java.base/java.util.concurrent.ThreadPoolExecutor$Worker.run(ThreadPoolExecutor.java:614)
	at java.base/java.lang.Thread.run(Thread.java:1474)

2025.10.04 22:33:39,087	WARNING	64	org.l2jmobius.gameserver.data.xml.SkillData	SkillData: No skill info found for skill id 5015 and skill level 2.
java.lang.Exception
	at org.l2jmobius.gameserver.data.xml.SkillData.getSkill(SkillData.java:992)
	at org.l2jmobius.gameserver.data.xml.SkillData.getSkill(SkillData.java:961)
	at instances.LastImperialTomb.ScarletVanHalisha.getRndSkills(ScarletVanHalisha.java:118)
	at instances.LastImperialTomb.ScarletVanHalisha.getSkillAI(ScarletVanHalisha.java:178)
	at instances.LastImperialTomb.ScarletVanHalisha.onEvent(ScarletVanHalisha.java:76)
	at org.l2jmobius.gameserver.model.quest.Quest.notifyEvent(Quest.java:654)
	at org.l2jmobius.gameserver.model.quest.QuestTimer$ScheduleTimerTask.run(QuestTimer.java:161)
	at org.l2jmobius.commons.threads.ThreadPool$RunnableWrapper.run(ThreadPool.java:247)
	at java.base/java.util.concurrent.Executors$RunnableAdapter.call(Executors.java:545)
	at java.base/java.util.concurrent.FutureTask.runAndReset(FutureTask.java:369)
	at java.base/java.util.concurrent.ScheduledThreadPoolExecutor$ScheduledFutureTask.run(ScheduledThreadPoolExecutor.java:310)
	at java.base/java.util.concurrent.ThreadPoolExecutor.runWorker(ThreadPoolExecutor.java:1090)
	at java.base/java.util.concurrent.ThreadPoolExecutor$Worker.run(ThreadPoolExecutor.java:614)
	at java.base/java.lang.Thread.run(Thread.java:1474)

2025.10.04 22:33:39,087	WARNING	64	org.l2jmobius.gameserver.data.xml.SkillData	SkillData: No skill info found for skill id 5015 and skill level 2.
java.lang.Exception
	at org.l2jmobius.gameserver.data.xml.SkillData.getSkill(SkillData.java:992)
	at org.l2jmobius.gameserver.data.xml.SkillData.getSkill(SkillData.java:961)
	at instances.LastImperialTomb.ScarletVanHalisha.getRndSkills(ScarletVanHalisha.java:118)
	at instances.LastImperialTomb.ScarletVanHalisha.getSkillAI(ScarletVanHalisha.java:185)
	at instances.LastImperialTomb.ScarletVanHalisha.onEvent(ScarletVanHalisha.java:76)
	at org.l2jmobius.gameserver.model.quest.Quest.notifyEvent(Quest.java:654)
	at org.l2jmobius.gameserver.model.quest.QuestTimer$ScheduleTimerTask.run(QuestTimer.java:161)
	at org.l2jmobius.commons.threads.ThreadPool$RunnableWrapper.run(ThreadPool.java:247)
	at java.base/java.util.concurrent.Executors$RunnableAdapter.call(Executors.java:545)
	at java.base/java.util.concurrent.FutureTask.runAndReset(FutureTask.java:369)
	at java.base/java.util.concurrent.ScheduledThreadPoolExecutor$ScheduledFutureTask.run(ScheduledThreadPoolExecutor.java:310)
	at java.base/java.util.concurrent.ThreadPoolExecutor.runWorker(ThreadPoolExecutor.java:1090)
	at java.base/java.util.concurrent.ThreadPoolExecutor$Worker.run(ThreadPoolExecutor.java:614)
	at java.base/java.lang.Thread.run(Thread.java:1474)

2025.10.04 22:33:45,586	WARNING	60	org.l2jmobius.gameserver.data.xml.SkillData	SkillData: No skill info found for skill id 5015 and skill level 5.
java.lang.Exception
	at org.l2jmobius.gameserver.data.xml.SkillData.getSkill(SkillData.java:992)
	at org.l2jmobius.gameserver.data.xml.SkillData.getSkill(SkillData.java:961)
	at instances.LastImperialTomb.ScarletVanHalisha.getRndSkills(ScarletVanHalisha.java:122)
	at instances.LastImperialTomb.ScarletVanHalisha.getSkillAI(ScarletVanHalisha.java:178)
	at instances.LastImperialTomb.ScarletVanHalisha.onEvent(ScarletVanHalisha.java:76)
	at org.l2jmobius.gameserver.model.quest.Quest.notifyEvent(Quest.java:654)
	at org.l2jmobius.gameserver.model.quest.QuestTimer$ScheduleTimerTask.run(QuestTimer.java:161)
	at org.l2jmobius.commons.threads.ThreadPool$RunnableWrapper.run(ThreadPool.java:247)
	at java.base/java.util.concurrent.Executors$RunnableAdapter.call(Executors.java:545)
	at java.base/java.util.concurrent.FutureTask.runAndReset(FutureTask.java:369)
	at java.base/java.util.concurrent.ScheduledThreadPoolExecutor$ScheduledFutureTask.run(ScheduledThreadPoolExecutor.java:310)
	at java.base/java.util.concurrent.ThreadPoolExecutor.runWorker(ThreadPoolExecutor.java:1090)
	at java.base/java.util.concurrent.ThreadPoolExecutor$Worker.run(ThreadPoolExecutor.java:614)
	at java.base/java.lang.Thread.run(Thread.java:1474)

2025.10.04 22:34:02,086	WARNING	66	org.l2jmobius.gameserver.data.xml.SkillData	SkillData: No skill info found for skill id 5015 and skill level 5.
java.lang.Exception
	at org.l2jmobius.gameserver.data.xml.SkillData.getSkill(SkillData.java:992)
	at org.l2jmobius.gameserver.data.xml.SkillData.getSkill(SkillData.java:961)
	at instances.LastImperialTomb.ScarletVanHalisha.getRndSkills(ScarletVanHalisha.java:122)
	at instances.LastImperialTomb.ScarletVanHalisha.getSkillAI(ScarletVanHalisha.java:178)
	at instances.LastImperialTomb.ScarletVanHalisha.onEvent(ScarletVanHalisha.java:76)
	at org.l2jmobius.gameserver.model.quest.Quest.notifyEvent(Quest.java:654)
	at org.l2jmobius.gameserver.model.quest.QuestTimer$ScheduleTimerTask.run(QuestTimer.java:161)
	at org.l2jmobius.commons.threads.ThreadPool$RunnableWrapper.run(ThreadPool.java:247)
	at java.base/java.util.concurrent.Executors$RunnableAdapter.call(Executors.java:545)
	at java.base/java.util.concurrent.FutureTask.runAndReset(FutureTask.java:369)
	at java.base/java.util.concurrent.ScheduledThreadPoolExecutor$ScheduledFutureTask.run(ScheduledThreadPoolExecutor.java:310)
	at java.base/java.util.concurrent.ThreadPoolExecutor.runWorker(ThreadPoolExecutor.java:1090)
	at java.base/java.util.concurrent.ThreadPoolExecutor$Worker.run(ThreadPoolExecutor.java:614)
	at java.base/java.lang.Thread.run(Thread.java:1474)

2025.10.04 22:34:10,587	WARNING	66	org.l2jmobius.gameserver.data.xml.SkillData	SkillData: No skill info found for skill id 5015 and skill level 2.
java.lang.Exception
	at org.l2jmobius.gameserver.data.xml.SkillData.getSkill(SkillData.java:992)
	at org.l2jmobius.gameserver.data.xml.SkillData.getSkill(SkillData.java:961)
	at instances.LastImperialTomb.ScarletVanHalisha.getRndSkills(ScarletVanHalisha.java:118)
	at instances.LastImperialTomb.ScarletVanHalisha.getSkillAI(ScarletVanHalisha.java:178)
	at instances.LastImperialTomb.ScarletVanHalisha.onEvent(ScarletVanHalisha.java:76)
	at org.l2jmobius.gameserver.model.quest.Quest.notifyEvent(Quest.java:654)
	at org.l2jmobius.gameserver.model.quest.QuestTimer$ScheduleTimerTask.run(QuestTimer.java:161)
	at org.l2jmobius.commons.threads.ThreadPool$RunnableWrapper.run(ThreadPool.java:247)
	at java.base/java.util.concurrent.Executors$RunnableAdapter.call(Executors.java:545)
	at java.base/java.util.concurrent.FutureTask.runAndReset(FutureTask.java:369)
	at java.base/java.util.concurrent.ScheduledThreadPoolExecutor$ScheduledFutureTask.run(ScheduledThreadPoolExecutor.java:310)
	at java.base/java.util.concurrent.ThreadPoolExecutor.runWorker(ThreadPoolExecutor.java:1090)
	at java.base/java.util.concurrent.ThreadPoolExecutor$Worker.run(ThreadPoolExecutor.java:614)
	at java.base/java.lang.Thread.run(Thread.java:1474)

2025.10.04 22:34:13,087	WARNING	63	org.l2jmobius.gameserver.data.xml.SkillData	SkillData: No skill info found for skill id 5015 and skill level 5.
java.lang.Exception
	at org.l2jmobius.gameserver.data.xml.SkillData.getSkill(SkillData.java:992)
	at org.l2jmobius.gameserver.data.xml.SkillData.getSkill(SkillData.java:961)
	at instances.LastImperialTomb.ScarletVanHalisha.getRndSkills(ScarletVanHalisha.java:122)
	at instances.LastImperialTomb.ScarletVanHalisha.getSkillAI(ScarletVanHalisha.java:178)
	at instances.LastImperialTomb.ScarletVanHalisha.onEvent(ScarletVanHalisha.java:76)
	at org.l2jmobius.gameserver.model.quest.Quest.notifyEvent(Quest.java:654)
	at org.l2jmobius.gameserver.model.quest.QuestTimer$ScheduleTimerTask.run(QuestTimer.java:161)
	at org.l2jmobius.commons.threads.ThreadPool$RunnableWrapper.run(ThreadPool.java:247)
	at java.base/java.util.concurrent.Executors$RunnableAdapter.call(Executors.java:545)
	at java.base/java.util.concurrent.FutureTask.runAndReset(FutureTask.java:369)
	at java.base/java.util.concurrent.ScheduledThreadPoolExecutor$ScheduledFutureTask.run(ScheduledThreadPoolExecutor.java:310)
	at java.base/java.util.concurrent.ThreadPoolExecutor.runWorker(ThreadPoolExecutor.java:1090)
	at java.base/java.util.concurrent.ThreadPoolExecutor$Worker.run(ThreadPoolExecutor.java:614)
	at java.base/java.lang.Thread.run(Thread.java:1474)

2025.10.04 22:34:15,587	WARNING	48	org.l2jmobius.gameserver.data.xml.SkillData	SkillData: No skill info found for skill id 5015 and skill level 5.
java.lang.Exception
	at org.l2jmobius.gameserver.data.xml.SkillData.getSkill(SkillData.java:992)
	at org.l2jmobius.gameserver.data.xml.SkillData.getSkill(SkillData.java:961)
	at instances.LastImperialTomb.ScarletVanHalisha.getRndSkills(ScarletVanHalisha.java:122)
	at instances.LastImperialTomb.ScarletVanHalisha.getSkillAI(ScarletVanHalisha.java:178)
	at instances.LastImperialTomb.ScarletVanHalisha.onEvent(ScarletVanHalisha.java:76)
	at org.l2jmobius.gameserver.model.quest.Quest.notifyEvent(Quest.java:654)
	at org.l2jmobius.gameserver.model.quest.QuestTimer$ScheduleTimerTask.run(QuestTimer.java:161)
	at org.l2jmobius.commons.threads.ThreadPool$RunnableWrapper.run(ThreadPool.java:247)
	at java.base/java.util.concurrent.Executors$RunnableAdapter.call(Executors.java:545)
	at java.base/java.util.concurrent.FutureTask.runAndReset(FutureTask.java:369)
	at java.base/java.util.concurrent.ScheduledThreadPoolExecutor$ScheduledFutureTask.run(ScheduledThreadPoolExecutor.java:310)
	at java.base/java.util.concurrent.ThreadPoolExecutor.runWorker(ThreadPoolExecutor.java:1090)
	at java.base/java.util.concurrent.ThreadPoolExecutor$Worker.run(ThreadPoolExecutor.java:614)
	at java.base/java.lang.Thread.run(Thread.java:1474)

2025.10.04 22:34:15,587	WARNING	48	org.l2jmobius.gameserver.data.xml.SkillData	SkillData: No skill info found for skill id 5015 and skill level 2.
java.lang.Exception
	at org.l2jmobius.gameserver.data.xml.SkillData.getSkill(SkillData.java:992)
	at org.l2jmobius.gameserver.data.xml.SkillData.getSkill(SkillData.java:961)
	at instances.LastImperialTomb.ScarletVanHalisha.getRndSkills(ScarletVanHalisha.java:118)
	at instances.LastImperialTomb.ScarletVanHalisha.getSkillAI(ScarletVanHalisha.java:185)
	at instances.LastImperialTomb.ScarletVanHalisha.onEvent(ScarletVanHalisha.java:76)
	at org.l2jmobius.gameserver.model.quest.Quest.notifyEvent(Quest.java:654)
	at org.l2jmobius.gameserver.model.quest.QuestTimer$ScheduleTimerTask.run(QuestTimer.java:161)
	at org.l2jmobius.commons.threads.ThreadPool$RunnableWrapper.run(ThreadPool.java:247)
	at java.base/java.util.concurrent.Executors$RunnableAdapter.call(Executors.java:545)
	at java.base/java.util.concurrent.FutureTask.runAndReset(FutureTask.java:369)
	at java.base/java.util.concurrent.ScheduledThreadPoolExecutor$ScheduledFutureTask.run(ScheduledThreadPoolExecutor.java:310)
	at java.base/java.util.concurrent.ThreadPoolExecutor.runWorker(ThreadPoolExecutor.java:1090)
	at java.base/java.util.concurrent.ThreadPoolExecutor$Worker.run(ThreadPoolExecutor.java:614)
	at java.base/java.lang.Thread.run(Thread.java:1474)

2025.10.04 22:34:16,087	WARNING	49	org.l2jmobius.gameserver.data.xml.SkillData	SkillData: No skill info found for skill id 5015 and skill level 5.
java.lang.Exception
	at org.l2jmobius.gameserver.data.xml.SkillData.getSkill(SkillData.java:992)
	at org.l2jmobius.gameserver.data.xml.SkillData.getSkill(SkillData.java:961)
	at instances.LastImperialTomb.ScarletVanHalisha.getRndSkills(ScarletVanHalisha.java:122)
	at instances.LastImperialTomb.ScarletVanHalisha.getSkillAI(ScarletVanHalisha.java:178)
	at instances.LastImperialTomb.ScarletVanHalisha.onEvent(ScarletVanHalisha.java:76)
	at org.l2jmobius.gameserver.model.quest.Quest.notifyEvent(Quest.java:654)
	at org.l2jmobius.gameserver.model.quest.QuestTimer$ScheduleTimerTask.run(QuestTimer.java:161)
	at org.l2jmobius.commons.threads.ThreadPool$RunnableWrapper.run(ThreadPool.java:247)
	at java.base/java.util.concurrent.Executors$RunnableAdapter.call(Executors.java:545)
	at java.base/java.util.concurrent.FutureTask.runAndReset(FutureTask.java:369)
	at java.base/java.util.concurrent.ScheduledThreadPoolExecutor$ScheduledFutureTask.run(ScheduledThreadPoolExecutor.java:310)
	at java.base/java.util.concurrent.ThreadPoolExecutor.runWorker(ThreadPoolExecutor.java:1090)
	at java.base/java.util.concurrent.ThreadPoolExecutor$Worker.run(ThreadPoolExecutor.java:614)
	at java.base/java.lang.Thread.run(Thread.java:1474)

2025.10.04 22:34:44,587	WARNING	68	org.l2jmobius.gameserver.data.xml.SkillData	SkillData: No skill info found for skill id 5015 and skill level 5.
java.lang.Exception
	at org.l2jmobius.gameserver.data.xml.SkillData.getSkill(SkillData.java:992)
	at org.l2jmobius.gameserver.data.xml.SkillData.getSkill(SkillData.java:961)
	at instances.LastImperialTomb.ScarletVanHalisha.getRndSkills(ScarletVanHalisha.java:122)
	at instances.LastImperialTomb.ScarletVanHalisha.getSkillAI(ScarletVanHalisha.java:178)
	at instances.LastImperialTomb.ScarletVanHalisha.onEvent(ScarletVanHalisha.java:76)
	at org.l2jmobius.gameserver.model.quest.Quest.notifyEvent(Quest.java:654)
	at org.l2jmobius.gameserver.model.quest.QuestTimer$ScheduleTimerTask.run(QuestTimer.java:161)
	at org.l2jmobius.commons.threads.ThreadPool$RunnableWrapper.run(ThreadPool.java:247)
	at java.base/java.util.concurrent.Executors$RunnableAdapter.call(Executors.java:545)
	at java.base/java.util.concurrent.FutureTask.runAndReset(FutureTask.java:369)
	at java.base/java.util.concurrent.ScheduledThreadPoolExecutor$ScheduledFutureTask.run(ScheduledThreadPoolExecutor.java:310)
	at java.base/java.util.concurrent.ThreadPoolExecutor.runWorker(ThreadPoolExecutor.java:1090)
	at java.base/java.util.concurrent.ThreadPoolExecutor$Worker.run(ThreadPoolExecutor.java:614)
	at java.base/java.lang.Thread.run(Thread.java:1474)

2025.10.04 22:35:15,087	WARNING	58	org.l2jmobius.gameserver.data.xml.SkillData	SkillData: No skill info found for skill id 5015 and skill level 2.
java.lang.Exception
	at org.l2jmobius.gameserver.data.xml.SkillData.getSkill(SkillData.java:992)
	at org.l2jmobius.gameserver.data.xml.SkillData.getSkill(SkillData.java:961)
	at instances.LastImperialTomb.ScarletVanHalisha.getRndSkills(ScarletVanHalisha.java:118)
	at instances.LastImperialTomb.ScarletVanHalisha.getSkillAI(ScarletVanHalisha.java:178)
	at instances.LastImperialTomb.ScarletVanHalisha.onEvent(ScarletVanHalisha.java:76)
	at org.l2jmobius.gameserver.model.quest.Quest.notifyEvent(Quest.java:654)
	at org.l2jmobius.gameserver.model.quest.QuestTimer$ScheduleTimerTask.run(QuestTimer.java:161)
	at org.l2jmobius.commons.threads.ThreadPool$RunnableWrapper.run(ThreadPool.java:247)
	at java.base/java.util.concurrent.Executors$RunnableAdapter.call(Executors.java:545)
	at java.base/java.util.concurrent.FutureTask.runAndReset(FutureTask.java:369)
	at java.base/java.util.concurrent.ScheduledThreadPoolExecutor$ScheduledFutureTask.run(ScheduledThreadPoolExecutor.java:310)
	at java.base/java.util.concurrent.ThreadPoolExecutor.runWorker(ThreadPoolExecutor.java:1090)
	at java.base/java.util.concurrent.ThreadPoolExecutor$Worker.run(ThreadPoolExecutor.java:614)
	at java.base/java.lang.Thread.run(Thread.java:1474)

2025.10.04 22:35:19,587	WARNING	54	org.l2jmobius.gameserver.data.xml.SkillData	SkillData: No skill info found for skill id 5015 and skill level 2.
java.lang.Exception
	at org.l2jmobius.gameserver.data.xml.SkillData.getSkill(SkillData.java:992)
	at org.l2jmobius.gameserver.data.xml.SkillData.getSkill(SkillData.java:961)
	at instances.LastImperialTomb.ScarletVanHalisha.getRndSkills(ScarletVanHalisha.java:118)
	at instances.LastImperialTomb.ScarletVanHalisha.getSkillAI(ScarletVanHalisha.java:178)
	at instances.LastImperialTomb.ScarletVanHalisha.onEvent(ScarletVanHalisha.java:76)
	at org.l2jmobius.gameserver.model.quest.Quest.notifyEvent(Quest.java:654)
	at org.l2jmobius.gameserver.model.quest.QuestTimer$ScheduleTimerTask.run(QuestTimer.java:161)
	at org.l2jmobius.commons.threads.ThreadPool$RunnableWrapper.run(ThreadPool.java:247)
	at java.base/java.util.concurrent.Executors$RunnableAdapter.call(Executors.java:545)
	at java.base/java.util.concurrent.FutureTask.runAndReset(FutureTask.java:369)
	at java.base/java.util.concurrent.ScheduledThreadPoolExecutor$ScheduledFutureTask.run(ScheduledThreadPoolExecutor.java:310)
	at java.base/java.util.concurrent.ThreadPoolExecutor.runWorker(ThreadPoolExecutor.java:1090)
	at java.base/java.util.concurrent.ThreadPoolExecutor$Worker.run(ThreadPoolExecutor.java:614)
	at java.base/java.lang.Thread.run(Thread.java:1474)

2025.10.04 22:35:28,087	WARNING	51	org.l2jmobius.gameserver.data.xml.SkillData	SkillData: No skill info found for skill id 5015 and skill level 2.
java.lang.Exception
	at org.l2jmobius.gameserver.data.xml.SkillData.getSkill(SkillData.java:992)
	at org.l2jmobius.gameserver.data.xml.SkillData.getSkill(SkillData.java:961)
	at instances.LastImperialTomb.ScarletVanHalisha.getRndSkills(ScarletVanHalisha.java:118)
	at instances.LastImperialTomb.ScarletVanHalisha.getSkillAI(ScarletVanHalisha.java:178)
	at instances.LastImperialTomb.ScarletVanHalisha.onEvent(ScarletVanHalisha.java:76)
	at org.l2jmobius.gameserver.model.quest.Quest.notifyEvent(Quest.java:654)
	at org.l2jmobius.gameserver.model.quest.QuestTimer$ScheduleTimerTask.run(QuestTimer.java:161)
	at org.l2jmobius.commons.threads.ThreadPool$RunnableWrapper.run(ThreadPool.java:247)
	at java.base/java.util.concurrent.Executors$RunnableAdapter.call(Executors.java:545)
	at java.base/java.util.concurrent.FutureTask.runAndReset(FutureTask.java:369)
	at java.base/java.util.concurrent.ScheduledThreadPoolExecutor$ScheduledFutureTask.run(ScheduledThreadPoolExecutor.java:310)
	at java.base/java.util.concurrent.ThreadPoolExecutor.runWorker(ThreadPoolExecutor.java:1090)
	at java.base/java.util.concurrent.ThreadPoolExecutor$Worker.run(ThreadPoolExecutor.java:614)
	at java.base/java.lang.Thread.run(Thread.java:1474)

2025.10.04 22:35:28,586	WARNING	56	org.l2jmobius.gameserver.data.xml.SkillData	SkillData: No skill info found for skill id 5015 and skill level 5.
java.lang.Exception
	at org.l2jmobius.gameserver.data.xml.SkillData.getSkill(SkillData.java:992)
	at org.l2jmobius.gameserver.data.xml.SkillData.getSkill(SkillData.java:961)
	at instances.LastImperialTomb.ScarletVanHalisha.getRndSkills(ScarletVanHalisha.java:122)
	at instances.LastImperialTomb.ScarletVanHalisha.getSkillAI(ScarletVanHalisha.java:178)
	at instances.LastImperialTomb.ScarletVanHalisha.onEvent(ScarletVanHalisha.java:76)
	at org.l2jmobius.gameserver.model.quest.Quest.notifyEvent(Quest.java:654)
	at org.l2jmobius.gameserver.model.quest.QuestTimer$ScheduleTimerTask.run(QuestTimer.java:161)
	at org.l2jmobius.commons.threads.ThreadPool$RunnableWrapper.run(ThreadPool.java:247)
	at java.base/java.util.concurrent.Executors$RunnableAdapter.call(Executors.java:545)
	at java.base/java.util.concurrent.FutureTask.runAndReset(FutureTask.java:369)
	at java.base/java.util.concurrent.ScheduledThreadPoolExecutor$ScheduledFutureTask.run(ScheduledThreadPoolExecutor.java:310)
	at java.base/java.util.concurrent.ThreadPoolExecutor.runWorker(ThreadPoolExecutor.java:1090)
	at java.base/java.util.concurrent.ThreadPoolExecutor$Worker.run(ThreadPoolExecutor.java:614)
	at java.base/java.lang.Thread.run(Thread.java:1474)

2025.10.04 22:35:29,086	WARNING	57	org.l2jmobius.gameserver.data.xml.SkillData	SkillData: No skill info found for skill id 5015 and skill level 5.
java.lang.Exception
	at org.l2jmobius.gameserver.data.xml.SkillData.getSkill(SkillData.java:992)
	at org.l2jmobius.gameserver.data.xml.SkillData.getSkill(SkillData.java:961)
	at instances.LastImperialTomb.ScarletVanHalisha.getRndSkills(ScarletVanHalisha.java:122)
	at instances.LastImperialTomb.ScarletVanHalisha.getSkillAI(ScarletVanHalisha.java:178)
	at instances.LastImperialTomb.ScarletVanHalisha.onEvent(ScarletVanHalisha.java:76)
	at org.l2jmobius.gameserver.model.quest.Quest.notifyEvent(Quest.java:654)
	at org.l2jmobius.gameserver.model.quest.QuestTimer$ScheduleTimerTask.run(QuestTimer.java:161)
	at org.l2jmobius.commons.threads.ThreadPool$RunnableWrapper.run(ThreadPool.java:247)
	at java.base/java.util.concurrent.Executors$RunnableAdapter.call(Executors.java:545)
	at java.base/java.util.concurrent.FutureTask.runAndReset(FutureTask.java:369)
	at java.base/java.util.concurrent.ScheduledThreadPoolExecutor$ScheduledFutureTask.run(ScheduledThreadPoolExecutor.java:310)
	at java.base/java.util.concurrent.ThreadPoolExecutor.runWorker(ThreadPoolExecutor.java:1090)
	at java.base/java.util.concurrent.ThreadPoolExecutor$Worker.run(ThreadPoolExecutor.java:614)
	at java.base/java.lang.Thread.run(Thread.java:1474)

2025.10.04 22:36:36,090	WARNING	49	org.l2jmobius.gameserver.data.xml.SkillData	SkillData: No skill info found for skill id 5015 and skill level 6.
java.lang.Exception
	at org.l2jmobius.gameserver.data.xml.SkillData.getSkill(SkillData.java:992)
	at org.l2jmobius.gameserver.data.xml.SkillData.getSkill(SkillData.java:961)
	at instances.LastImperialTomb.ScarletVanHalisha.getRndSkills(ScarletVanHalisha.java:141)
	at instances.LastImperialTomb.ScarletVanHalisha.getSkillAI(ScarletVanHalisha.java:178)
	at instances.LastImperialTomb.ScarletVanHalisha.onEvent(ScarletVanHalisha.java:76)
	at org.l2jmobius.gameserver.model.quest.Quest.notifyEvent(Quest.java:654)
	at org.l2jmobius.gameserver.model.quest.QuestTimer$ScheduleTimerTask.run(QuestTimer.java:161)
	at org.l2jmobius.commons.threads.ThreadPool$RunnableWrapper.run(ThreadPool.java:247)
	at java.base/java.util.concurrent.Executors$RunnableAdapter.call(Executors.java:545)
	at java.base/java.util.concurrent.FutureTask.runAndReset(FutureTask.java:369)
	at java.base/java.util.concurrent.ScheduledThreadPoolExecutor$ScheduledFutureTask.run(ScheduledThreadPoolExecutor.java:310)
	at java.base/java.util.concurrent.ThreadPoolExecutor.runWorker(ThreadPoolExecutor.java:1090)
	at java.base/java.util.concurrent.ThreadPoolExecutor$Worker.run(ThreadPoolExecutor.java:614)
	at java.base/java.lang.Thread.run(Thread.java:1474)

2025.10.04 22:36:36,090	WARNING	49	org.l2jmobius.gameserver.data.xml.SkillData	SkillData: No skill info found for skill id 5015 and skill level 3.
java.lang.Exception
	at org.l2jmobius.gameserver.data.xml.SkillData.getSkill(SkillData.java:992)
	at org.l2jmobius.gameserver.data.xml.SkillData.getSkill(SkillData.java:961)
	at instances.LastImperialTomb.ScarletVanHalisha.getRndSkills(ScarletVanHalisha.java:137)
	at instances.LastImperialTomb.ScarletVanHalisha.getSkillAI(ScarletVanHalisha.java:185)
	at instances.LastImperialTomb.ScarletVanHalisha.onEvent(ScarletVanHalisha.java:76)
	at org.l2jmobius.gameserver.model.quest.Quest.notifyEvent(Quest.java:654)
	at org.l2jmobius.gameserver.model.quest.QuestTimer$ScheduleTimerTask.run(QuestTimer.java:161)
	at org.l2jmobius.commons.threads.ThreadPool$RunnableWrapper.run(ThreadPool.java:247)
	at java.base/java.util.concurrent.Executors$RunnableAdapter.call(Executors.java:545)
	at java.base/java.util.concurrent.FutureTask.runAndReset(FutureTask.java:369)
	at java.base/java.util.concurrent.ScheduledThreadPoolExecutor$ScheduledFutureTask.run(ScheduledThreadPoolExecutor.java:310)
	at java.base/java.util.concurrent.ThreadPoolExecutor.runWorker(ThreadPoolExecutor.java:1090)
	at java.base/java.util.concurrent.ThreadPoolExecutor$Worker.run(ThreadPoolExecutor.java:614)
	at java.base/java.lang.Thread.run(Thread.java:1474)

2025.10.04 22:36:36,590	WARNING	59	org.l2jmobius.gameserver.data.xml.SkillData	SkillData: No skill info found for skill id 5015 and skill level 6.
java.lang.Exception
	at org.l2jmobius.gameserver.data.xml.SkillData.getSkill(SkillData.java:992)
	at org.l2jmobius.gameserver.data.xml.SkillData.getSkill(SkillData.java:961)
	at instances.LastImperialTomb.ScarletVanHalisha.getRndSkills(ScarletVanHalisha.java:141)
	at instances.LastImperialTomb.ScarletVanHalisha.getSkillAI(ScarletVanHalisha.java:178)
	at instances.LastImperialTomb.ScarletVanHalisha.onEvent(ScarletVanHalisha.java:76)
	at org.l2jmobius.gameserver.model.quest.Quest.notifyEvent(Quest.java:654)
	at org.l2jmobius.gameserver.model.quest.QuestTimer$ScheduleTimerTask.run(QuestTimer.java:161)
	at org.l2jmobius.commons.threads.ThreadPool$RunnableWrapper.run(ThreadPool.java:247)
	at java.base/java.util.concurrent.Executors$RunnableAdapter.call(Executors.java:545)
	at java.base/java.util.concurrent.FutureTask.runAndReset(FutureTask.java:369)
	at java.base/java.util.concurrent.ScheduledThreadPoolExecutor$ScheduledFutureTask.run(ScheduledThreadPoolExecutor.java:310)
	at java.base/java.util.concurrent.ThreadPoolExecutor.runWorker(ThreadPoolExecutor.java:1090)
	at java.base/java.util.concurrent.ThreadPoolExecutor$Worker.run(ThreadPoolExecutor.java:614)
	at java.base/java.lang.Thread.run(Thread.java:1474)

2025.10.04 22:36:36,590	WARNING	59	org.l2jmobius.gameserver.data.xml.SkillData	SkillData: No skill info found for skill id 5015 and skill level 2.
java.lang.Exception
	at org.l2jmobius.gameserver.data.xml.SkillData.getSkill(SkillData.java:992)
	at org.l2jmobius.gameserver.data.xml.SkillData.getSkill(SkillData.java:961)
	at instances.LastImperialTomb.ScarletVanHalisha.getRndSkills(ScarletVanHalisha.java:145)
	at instances.LastImperialTomb.ScarletVanHalisha.getSkillAI(ScarletVanHalisha.java:185)
	at instances.LastImperialTomb.ScarletVanHalisha.onEvent(ScarletVanHalisha.java:76)
	at org.l2jmobius.gameserver.model.quest.Quest.notifyEvent(Quest.java:654)
	at org.l2jmobius.gameserver.model.quest.QuestTimer$ScheduleTimerTask.run(QuestTimer.java:161)
	at org.l2jmobius.commons.threads.ThreadPool$RunnableWrapper.run(ThreadPool.java:247)
	at java.base/java.util.concurrent.Executors$RunnableAdapter.call(Executors.java:545)
	at java.base/java.util.concurrent.FutureTask.runAndReset(FutureTask.java:369)
	at java.base/java.util.concurrent.ScheduledThreadPoolExecutor$ScheduledFutureTask.run(ScheduledThreadPoolExecutor.java:310)
	at java.base/java.util.concurrent.ThreadPoolExecutor.runWorker(ThreadPoolExecutor.java:1090)
	at java.base/java.util.concurrent.ThreadPoolExecutor$Worker.run(ThreadPoolExecutor.java:614)
	at java.base/java.lang.Thread.run(Thread.java:1474)

2025.10.04 22:36:39,091	WARNING	60	org.l2jmobius.gameserver.data.xml.SkillData	SkillData: No skill info found for skill id 5015 and skill level 3.
java.lang.Exception
	at org.l2jmobius.gameserver.data.xml.SkillData.getSkill(SkillData.java:992)
	at org.l2jmobius.gameserver.data.xml.SkillData.getSkill(SkillData.java:961)
	at instances.LastImperialTomb.ScarletVanHalisha.getRndSkills(ScarletVanHalisha.java:137)
	at instances.LastImperialTomb.ScarletVanHalisha.getSkillAI(ScarletVanHalisha.java:178)
	at instances.LastImperialTomb.ScarletVanHalisha.onEvent(ScarletVanHalisha.java:76)
	at org.l2jmobius.gameserver.model.quest.Quest.notifyEvent(Quest.java:654)
	at org.l2jmobius.gameserver.model.quest.QuestTimer$ScheduleTimerTask.run(QuestTimer.java:161)
	at org.l2jmobius.commons.threads.ThreadPool$RunnableWrapper.run(ThreadPool.java:247)
	at java.base/java.util.concurrent.Executors$RunnableAdapter.call(Executors.java:545)
	at java.base/java.util.concurrent.FutureTask.runAndReset(FutureTask.java:369)
	at java.base/java.util.concurrent.ScheduledThreadPoolExecutor$ScheduledFutureTask.run(ScheduledThreadPoolExecutor.java:310)
	at java.base/java.util.concurrent.ThreadPoolExecutor.runWorker(ThreadPoolExecutor.java:1090)
	at java.base/java.util.concurrent.ThreadPoolExecutor$Worker.run(ThreadPoolExecutor.java:614)
	at java.base/java.lang.Thread.run(Thread.java:1474)

2025.10.04 22:36:39,091	WARNING	60	org.l2jmobius.gameserver.data.xml.SkillData	SkillData: No skill info found for skill id 5015 and skill level 3.
java.lang.Exception
	at org.l2jmobius.gameserver.data.xml.SkillData.getSkill(SkillData.java:992)
	at org.l2jmobius.gameserver.data.xml.SkillData.getSkill(SkillData.java:961)
	at instances.LastImperialTomb.ScarletVanHalisha.getRndSkills(ScarletVanHalisha.java:137)
	at instances.LastImperialTomb.ScarletVanHalisha.getSkillAI(ScarletVanHalisha.java:185)
	at instances.LastImperialTomb.ScarletVanHalisha.onEvent(ScarletVanHalisha.java:76)
	at org.l2jmobius.gameserver.model.quest.Quest.notifyEvent(Quest.java:654)
	at org.l2jmobius.gameserver.model.quest.QuestTimer$ScheduleTimerTask.run(QuestTimer.java:161)
	at org.l2jmobius.commons.threads.ThreadPool$RunnableWrapper.run(ThreadPool.java:247)
	at java.base/java.util.concurrent.Executors$RunnableAdapter.call(Executors.java:545)
	at java.base/java.util.concurrent.FutureTask.runAndReset(FutureTask.java:369)
	at java.base/java.util.concurrent.ScheduledThreadPoolExecutor$ScheduledFutureTask.run(ScheduledThreadPoolExecutor.java:310)
	at java.base/java.util.concurrent.ThreadPoolExecutor.runWorker(ThreadPoolExecutor.java:1090)
	at java.base/java.util.concurrent.ThreadPoolExecutor$Worker.run(ThreadPoolExecutor.java:614)
	at java.base/java.lang.Thread.run(Thread.java:1474)

2025.10.04 22:36:55,590	WARNING	49	org.l2jmobius.gameserver.data.xml.SkillData	SkillData: No skill info found for skill id 5015 and skill level 2.
java.lang.Exception
	at org.l2jmobius.gameserver.data.xml.SkillData.getSkill(SkillData.java:992)
	at org.l2jmobius.gameserver.data.xml.SkillData.getSkill(SkillData.java:961)
	at instances.LastImperialTomb.ScarletVanHalisha.getRndSkills(ScarletVanHalisha.java:145)
	at instances.LastImperialTomb.ScarletVanHalisha.getSkillAI(ScarletVanHalisha.java:178)
	at instances.LastImperialTomb.ScarletVanHalisha.onEvent(ScarletVanHalisha.java:76)
	at org.l2jmobius.gameserver.model.quest.Quest.notifyEvent(Quest.java:654)
	at org.l2jmobius.gameserver.model.quest.QuestTimer$ScheduleTimerTask.run(QuestTimer.java:161)
	at org.l2jmobius.commons.threads.ThreadPool$RunnableWrapper.run(ThreadPool.java:247)
	at java.base/java.util.concurrent.Executors$RunnableAdapter.call(Executors.java:545)
	at java.base/java.util.concurrent.FutureTask.runAndReset(FutureTask.java:369)
	at java.base/java.util.concurrent.ScheduledThreadPoolExecutor$ScheduledFutureTask.run(ScheduledThreadPoolExecutor.java:310)
	at java.base/java.util.concurrent.ThreadPoolExecutor.runWorker(ThreadPoolExecutor.java:1090)
	at java.base/java.util.concurrent.ThreadPoolExecutor$Worker.run(ThreadPoolExecutor.java:614)
	at java.base/java.lang.Thread.run(Thread.java:1474)

2025.10.04 22:36:55,590	WARNING	49	org.l2jmobius.gameserver.data.xml.SkillData	SkillData: No skill info found for skill id 5015 and skill level 6.
java.lang.Exception
	at org.l2jmobius.gameserver.data.xml.SkillData.getSkill(SkillData.java:992)
	at org.l2jmobius.gameserver.data.xml.SkillData.getSkill(SkillData.java:961)
	at instances.LastImperialTomb.ScarletVanHalisha.getRndSkills(ScarletVanHalisha.java:141)
	at instances.LastImperialTomb.ScarletVanHalisha.getSkillAI(ScarletVanHalisha.java:185)
	at instances.LastImperialTomb.ScarletVanHalisha.onEvent(ScarletVanHalisha.java:76)
	at org.l2jmobius.gameserver.model.quest.Quest.notifyEvent(Quest.java:654)
	at org.l2jmobius.gameserver.model.quest.QuestTimer$ScheduleTimerTask.run(QuestTimer.java:161)
	at org.l2jmobius.commons.threads.ThreadPool$RunnableWrapper.run(ThreadPool.java:247)
	at java.base/java.util.concurrent.Executors$RunnableAdapter.call(Executors.java:545)
	at java.base/java.util.concurrent.FutureTask.runAndReset(FutureTask.java:369)
	at java.base/java.util.concurrent.ScheduledThreadPoolExecutor$ScheduledFutureTask.run(ScheduledThreadPoolExecutor.java:310)
	at java.base/java.util.concurrent.ThreadPoolExecutor.runWorker(ThreadPoolExecutor.java:1090)
	at java.base/java.util.concurrent.ThreadPoolExecutor$Worker.run(ThreadPoolExecutor.java:614)
	at java.base/java.lang.Thread.run(Thread.java:1474)

2025.10.04 22:37:04,090	WARNING	58	org.l2jmobius.gameserver.data.xml.SkillData	SkillData: No skill info found for skill id 5015 and skill level 3.
java.lang.Exception
	at org.l2jmobius.gameserver.data.xml.SkillData.getSkill(SkillData.java:992)
	at org.l2jmobius.gameserver.data.xml.SkillData.getSkill(SkillData.java:961)
	at instances.LastImperialTomb.ScarletVanHalisha.getRndSkills(ScarletVanHalisha.java:137)
	at instances.LastImperialTomb.ScarletVanHalisha.getSkillAI(ScarletVanHalisha.java:178)
	at instances.LastImperialTomb.ScarletVanHalisha.onEvent(ScarletVanHalisha.java:76)
	at org.l2jmobius.gameserver.model.quest.Quest.notifyEvent(Quest.java:654)
	at org.l2jmobius.gameserver.model.quest.QuestTimer$ScheduleTimerTask.run(QuestTimer.java:161)
	at org.l2jmobius.commons.threads.ThreadPool$RunnableWrapper.run(ThreadPool.java:247)
	at java.base/java.util.concurrent.Executors$RunnableAdapter.call(Executors.java:545)
	at java.base/java.util.concurrent.FutureTask.runAndReset(FutureTask.java:369)
	at java.base/java.util.concurrent.ScheduledThreadPoolExecutor$ScheduledFutureTask.run(ScheduledThreadPoolExecutor.java:310)
	at java.base/java.util.concurrent.ThreadPoolExecutor.runWorker(ThreadPoolExecutor.java:1090)
	at java.base/java.util.concurrent.ThreadPoolExecutor$Worker.run(ThreadPoolExecutor.java:614)
	at java.base/java.lang.Thread.run(Thread.java:1474)

2025.10.04 22:37:10,590	WARNING	48	org.l2jmobius.gameserver.data.xml.SkillData	SkillData: No skill info found for skill id 5015 and skill level 6.
java.lang.Exception
	at org.l2jmobius.gameserver.data.xml.SkillData.getSkill(SkillData.java:992)
	at org.l2jmobius.gameserver.data.xml.SkillData.getSkill(SkillData.java:961)
	at instances.LastImperialTomb.ScarletVanHalisha.getRndSkills(ScarletVanHalisha.java:141)
	at instances.LastImperialTomb.ScarletVanHalisha.getSkillAI(ScarletVanHalisha.java:178)
	at instances.LastImperialTomb.ScarletVanHalisha.onEvent(ScarletVanHalisha.java:76)
	at org.l2jmobius.gameserver.model.quest.Quest.notifyEvent(Quest.java:654)
	at org.l2jmobius.gameserver.model.quest.QuestTimer$ScheduleTimerTask.run(QuestTimer.java:161)
	at org.l2jmobius.commons.threads.ThreadPool$RunnableWrapper.run(ThreadPool.java:247)
	at java.base/java.util.concurrent.Executors$RunnableAdapter.call(Executors.java:545)
	at java.base/java.util.concurrent.FutureTask.runAndReset(FutureTask.java:369)
	at java.base/java.util.concurrent.ScheduledThreadPoolExecutor$ScheduledFutureTask.run(ScheduledThreadPoolExecutor.java:310)
	at java.base/java.util.concurrent.ThreadPoolExecutor.runWorker(ThreadPoolExecutor.java:1090)
	at java.base/java.util.concurrent.ThreadPoolExecutor$Worker.run(ThreadPoolExecutor.java:614)
	at java.base/java.lang.Thread.run(Thread.java:1474)

2025.10.04 22:37:23,090	WARNING	54	org.l2jmobius.gameserver.data.xml.SkillData	SkillData: No skill info found for skill id 5015 and skill level 2.
java.lang.Exception
	at org.l2jmobius.gameserver.data.xml.SkillData.getSkill(SkillData.java:992)
	at org.l2jmobius.gameserver.data.xml.SkillData.getSkill(SkillData.java:961)
	at instances.LastImperialTomb.ScarletVanHalisha.getRndSkills(ScarletVanHalisha.java:145)
	at instances.LastImperialTomb.ScarletVanHalisha.getSkillAI(ScarletVanHalisha.java:178)
	at instances.LastImperialTomb.ScarletVanHalisha.onEvent(ScarletVanHalisha.java:76)
	at org.l2jmobius.gameserver.model.quest.Quest.notifyEvent(Quest.java:654)
	at org.l2jmobius.gameserver.model.quest.QuestTimer$ScheduleTimerTask.run(QuestTimer.java:161)
	at org.l2jmobius.commons.threads.ThreadPool$RunnableWrapper.run(ThreadPool.java:247)
	at java.base/java.util.concurrent.Executors$RunnableAdapter.call(Executors.java:545)
	at java.base/java.util.concurrent.FutureTask.runAndReset(FutureTask.java:369)
	at java.base/java.util.concurrent.ScheduledThreadPoolExecutor$ScheduledFutureTask.run(ScheduledThreadPoolExecutor.java:310)
	at java.base/java.util.concurrent.ThreadPoolExecutor.runWorker(ThreadPoolExecutor.java:1090)
	at java.base/java.util.concurrent.ThreadPoolExecutor$Worker.run(ThreadPoolExecutor.java:614)
	at java.base/java.lang.Thread.run(Thread.java:1474)

2025.10.04 22:37:31,591	WARNING	54	org.l2jmobius.gameserver.data.xml.SkillData	SkillData: No skill info found for skill id 5015 and skill level 2.
java.lang.Exception
	at org.l2jmobius.gameserver.data.xml.SkillData.getSkill(SkillData.java:992)
	at org.l2jmobius.gameserver.data.xml.SkillData.getSkill(SkillData.java:961)
	at instances.LastImperialTomb.ScarletVanHalisha.getRndSkills(ScarletVanHalisha.java:145)
	at instances.LastImperialTomb.ScarletVanHalisha.getSkillAI(ScarletVanHalisha.java:178)
	at instances.LastImperialTomb.ScarletVanHalisha.onEvent(ScarletVanHalisha.java:76)
	at org.l2jmobius.gameserver.model.quest.Quest.notifyEvent(Quest.java:654)
	at org.l2jmobius.gameserver.model.quest.QuestTimer$ScheduleTimerTask.run(QuestTimer.java:161)
	at org.l2jmobius.commons.threads.ThreadPool$RunnableWrapper.run(ThreadPool.java:247)
	at java.base/java.util.concurrent.Executors$RunnableAdapter.call(Executors.java:545)
	at java.base/java.util.concurrent.FutureTask.runAndReset(FutureTask.java:369)
	at java.base/java.util.concurrent.ScheduledThreadPoolExecutor$ScheduledFutureTask.run(ScheduledThreadPoolExecutor.java:310)
	at java.base/java.util.concurrent.ThreadPoolExecutor.runWorker(ThreadPoolExecutor.java:1090)
	at java.base/java.util.concurrent.ThreadPoolExecutor$Worker.run(ThreadPoolExecutor.java:614)
	at java.base/java.lang.Thread.run(Thread.java:1474)

2025.10.04 22:37:36,091	WARNING	55	org.l2jmobius.gameserver.data.xml.SkillData	SkillData: No skill info found for skill id 5015 and skill level 6.
java.lang.Exception
	at org.l2jmobius.gameserver.data.xml.SkillData.getSkill(SkillData.java:992)
	at org.l2jmobius.gameserver.data.xml.SkillData.getSkill(SkillData.java:961)
	at instances.LastImperialTomb.ScarletVanHalisha.getRndSkills(ScarletVanHalisha.java:141)
	at instances.LastImperialTomb.ScarletVanHalisha.getSkillAI(ScarletVanHalisha.java:178)
	at instances.LastImperialTomb.ScarletVanHalisha.onEvent(ScarletVanHalisha.java:76)
	at org.l2jmobius.gameserver.model.quest.Quest.notifyEvent(Quest.java:654)
	at org.l2jmobius.gameserver.model.quest.QuestTimer$ScheduleTimerTask.run(QuestTimer.java:161)
	at org.l2jmobius.commons.threads.ThreadPool$RunnableWrapper.run(ThreadPool.java:247)
	at java.base/java.util.concurrent.Executors$RunnableAdapter.call(Executors.java:545)
	at java.base/java.util.concurrent.FutureTask.runAndReset(FutureTask.java:369)
	at java.base/java.util.concurrent.ScheduledThreadPoolExecutor$ScheduledFutureTask.run(ScheduledThreadPoolExecutor.java:310)
	at java.base/java.util.concurrent.ThreadPoolExecutor.runWorker(ThreadPoolExecutor.java:1090)
	at java.base/java.util.concurrent.ThreadPoolExecutor$Worker.run(ThreadPoolExecutor.java:614)
	at java.base/java.lang.Thread.run(Thread.java:1474)

2025.10.04 22:37:42,591	WARNING	57	org.l2jmobius.gameserver.data.xml.SkillData	SkillData: No skill info found for skill id 5015 and skill level 6.
java.lang.Exception
	at org.l2jmobius.gameserver.data.xml.SkillData.getSkill(SkillData.java:992)
	at org.l2jmobius.gameserver.data.xml.SkillData.getSkill(SkillData.java:961)
	at instances.LastImperialTomb.ScarletVanHalisha.getRndSkills(ScarletVanHalisha.java:141)
	at instances.LastImperialTomb.ScarletVanHalisha.getSkillAI(ScarletVanHalisha.java:178)
	at instances.LastImperialTomb.ScarletVanHalisha.onEvent(ScarletVanHalisha.java:76)
	at org.l2jmobius.gameserver.model.quest.Quest.notifyEvent(Quest.java:654)
	at org.l2jmobius.gameserver.model.quest.QuestTimer$ScheduleTimerTask.run(QuestTimer.java:161)
	at org.l2jmobius.commons.threads.ThreadPool$RunnableWrapper.run(ThreadPool.java:247)
	at java.base/java.util.concurrent.Executors$RunnableAdapter.call(Executors.java:545)
	at java.base/java.util.concurrent.FutureTask.runAndReset(FutureTask.java:369)
	at java.base/java.util.concurrent.ScheduledThreadPoolExecutor$ScheduledFutureTask.run(ScheduledThreadPoolExecutor.java:310)
	at java.base/java.util.concurrent.ThreadPoolExecutor.runWorker(ThreadPoolExecutor.java:1090)
	at java.base/java.util.concurrent.ThreadPoolExecutor$Worker.run(ThreadPoolExecutor.java:614)
	at java.base/java.lang.Thread.run(Thread.java:1474)

2025.10.04 22:37:42,591	WARNING	57	org.l2jmobius.gameserver.data.xml.SkillData	SkillData: No skill info found for skill id 5015 and skill level 3.
java.lang.Exception
	at org.l2jmobius.gameserver.data.xml.SkillData.getSkill(SkillData.java:992)
	at org.l2jmobius.gameserver.data.xml.SkillData.getSkill(SkillData.java:961)
	at instances.LastImperialTomb.ScarletVanHalisha.getRndSkills(ScarletVanHalisha.java:137)
	at instances.LastImperialTomb.ScarletVanHalisha.getSkillAI(ScarletVanHalisha.java:185)
	at instances.LastImperialTomb.ScarletVanHalisha.onEvent(ScarletVanHalisha.java:76)
	at org.l2jmobius.gameserver.model.quest.Quest.notifyEvent(Quest.java:654)
	at org.l2jmobius.gameserver.model.quest.QuestTimer$ScheduleTimerTask.run(QuestTimer.java:161)
	at org.l2jmobius.commons.threads.ThreadPool$RunnableWrapper.run(ThreadPool.java:247)
	at java.base/java.util.concurrent.Executors$RunnableAdapter.call(Executors.java:545)
	at java.base/java.util.concurrent.FutureTask.runAndReset(FutureTask.java:369)
	at java.base/java.util.concurrent.ScheduledThreadPoolExecutor$ScheduledFutureTask.run(ScheduledThreadPoolExecutor.java:310)
	at java.base/java.util.concurrent.ThreadPoolExecutor.runWorker(ThreadPoolExecutor.java:1090)
	at java.base/java.util.concurrent.ThreadPoolExecutor$Worker.run(ThreadPoolExecutor.java:614)
	at java.base/java.lang.Thread.run(Thread.java:1474)

2025.10.04 22:37:53,091	WARNING	59	org.l2jmobius.gameserver.data.xml.SkillData	SkillData: No skill info found for skill id 5015 and skill level 3.
java.lang.Exception
	at org.l2jmobius.gameserver.data.xml.SkillData.getSkill(SkillData.java:992)
	at org.l2jmobius.gameserver.data.xml.SkillData.getSkill(SkillData.java:961)
	at instances.LastImperialTomb.ScarletVanHalisha.getRndSkills(ScarletVanHalisha.java:137)
	at instances.LastImperialTomb.ScarletVanHalisha.getSkillAI(ScarletVanHalisha.java:178)
	at instances.LastImperialTomb.ScarletVanHalisha.onEvent(ScarletVanHalisha.java:76)
	at org.l2jmobius.gameserver.model.quest.Quest.notifyEvent(Quest.java:654)
	at org.l2jmobius.gameserver.model.quest.QuestTimer$ScheduleTimerTask.run(QuestTimer.java:161)
	at org.l2jmobius.commons.threads.ThreadPool$RunnableWrapper.run(ThreadPool.java:247)
	at java.base/java.util.concurrent.Executors$RunnableAdapter.call(Executors.java:545)
	at java.base/java.util.concurrent.FutureTask.runAndReset(FutureTask.java:369)
	at java.base/java.util.concurrent.ScheduledThreadPoolExecutor$ScheduledFutureTask.run(ScheduledThreadPoolExecutor.java:310)
	at java.base/java.util.concurrent.ThreadPoolExecutor.runWorker(ThreadPoolExecutor.java:1090)
	at java.base/java.util.concurrent.ThreadPoolExecutor$Worker.run(ThreadPoolExecutor.java:614)
	at java.base/java.lang.Thread.run(Thread.java:1474)

2025.10.04 22:37:53,590	WARNING	59	org.l2jmobius.gameserver.data.xml.SkillData	SkillData: No skill info found for skill id 5015 and skill level 6.
java.lang.Exception
	at org.l2jmobius.gameserver.data.xml.SkillData.getSkill(SkillData.java:992)
	at org.l2jmobius.gameserver.data.xml.SkillData.getSkill(SkillData.java:961)
	at instances.LastImperialTomb.ScarletVanHalisha.getRndSkills(ScarletVanHalisha.java:141)
	at instances.LastImperialTomb.ScarletVanHalisha.getSkillAI(ScarletVanHalisha.java:178)
	at instances.LastImperialTomb.ScarletVanHalisha.onEvent(ScarletVanHalisha.java:76)
	at org.l2jmobius.gameserver.model.quest.Quest.notifyEvent(Quest.java:654)
	at org.l2jmobius.gameserver.model.quest.QuestTimer$ScheduleTimerTask.run(QuestTimer.java:161)
	at org.l2jmobius.commons.threads.ThreadPool$RunnableWrapper.run(ThreadPool.java:247)
	at java.base/java.util.concurrent.Executors$RunnableAdapter.call(Executors.java:545)
	at java.base/java.util.concurrent.FutureTask.runAndReset(FutureTask.java:369)
	at java.base/java.util.concurrent.ScheduledThreadPoolExecutor$ScheduledFutureTask.run(ScheduledThreadPoolExecutor.java:310)
	at java.base/java.util.concurrent.ThreadPoolExecutor.runWorker(ThreadPoolExecutor.java:1090)
	at java.base/java.util.concurrent.ThreadPoolExecutor$Worker.run(ThreadPoolExecutor.java:614)
	at java.base/java.lang.Thread.run(Thread.java:1474)

2025.10.04 22:37:53,590	WARNING	59	org.l2jmobius.gameserver.data.xml.SkillData	SkillData: No skill info found for skill id 5015 and skill level 3.
java.lang.Exception
	at org.l2jmobius.gameserver.data.xml.SkillData.getSkill(SkillData.java:992)
	at org.l2jmobius.gameserver.data.xml.SkillData.getSkill(SkillData.java:961)
	at instances.LastImperialTomb.ScarletVanHalisha.getRndSkills(ScarletVanHalisha.java:137)
	at instances.LastImperialTomb.ScarletVanHalisha.getSkillAI(ScarletVanHalisha.java:185)
	at instances.LastImperialTomb.ScarletVanHalisha.onEvent(ScarletVanHalisha.java:76)
	at org.l2jmobius.gameserver.model.quest.Quest.notifyEvent(Quest.java:654)
	at org.l2jmobius.gameserver.model.quest.QuestTimer$ScheduleTimerTask.run(QuestTimer.java:161)
	at org.l2jmobius.commons.threads.ThreadPool$RunnableWrapper.run(ThreadPool.java:247)
	at java.base/java.util.concurrent.Executors$RunnableAdapter.call(Executors.java:545)
	at java.base/java.util.concurrent.FutureTask.runAndReset(FutureTask.java:369)
	at java.base/java.util.concurrent.ScheduledThreadPoolExecutor$ScheduledFutureTask.run(ScheduledThreadPoolExecutor.java:310)
	at java.base/java.util.concurrent.ThreadPoolExecutor.runWorker(ThreadPoolExecutor.java:1090)
	at java.base/java.util.concurrent.ThreadPoolExecutor$Worker.run(ThreadPoolExecutor.java:614)
	at java.base/java.lang.Thread.run(Thread.java:1474)

2025.10.04 22:38:01,590	WARNING	61	org.l2jmobius.gameserver.data.xml.SkillData	SkillData: No skill info found for skill id 5015 and skill level 3.
java.lang.Exception
	at org.l2jmobius.gameserver.data.xml.SkillData.getSkill(SkillData.java:992)
	at org.l2jmobius.gameserver.data.xml.SkillData.getSkill(SkillData.java:961)
	at instances.LastImperialTomb.ScarletVanHalisha.getRndSkills(ScarletVanHalisha.java:137)
	at instances.LastImperialTomb.ScarletVanHalisha.getSkillAI(ScarletVanHalisha.java:178)
	at instances.LastImperialTomb.ScarletVanHalisha.onEvent(ScarletVanHalisha.java:76)
	at org.l2jmobius.gameserver.model.quest.Quest.notifyEvent(Quest.java:654)
	at org.l2jmobius.gameserver.model.quest.QuestTimer$ScheduleTimerTask.run(QuestTimer.java:161)
	at org.l2jmobius.commons.threads.ThreadPool$RunnableWrapper.run(ThreadPool.java:247)
	at java.base/java.util.concurrent.Executors$RunnableAdapter.call(Executors.java:545)
	at java.base/java.util.concurrent.FutureTask.runAndReset(FutureTask.java:369)
	at java.base/java.util.concurrent.ScheduledThreadPoolExecutor$ScheduledFutureTask.run(ScheduledThreadPoolExecutor.java:310)
	at java.base/java.util.concurrent.ThreadPoolExecutor.runWorker(ThreadPoolExecutor.java:1090)
	at java.base/java.util.concurrent.ThreadPoolExecutor$Worker.run(ThreadPoolExecutor.java:614)
	at java.base/java.lang.Thread.run(Thread.java:1474)

2025.10.04 22:38:08,090	WARNING	69	org.l2jmobius.gameserver.data.xml.SkillData	SkillData: No skill info found for skill id 5015 and skill level 2.
java.lang.Exception
	at org.l2jmobius.gameserver.data.xml.SkillData.getSkill(SkillData.java:992)
	at org.l2jmobius.gameserver.data.xml.SkillData.getSkill(SkillData.java:961)
	at instances.LastImperialTomb.ScarletVanHalisha.getRndSkills(ScarletVanHalisha.java:145)
	at instances.LastImperialTomb.ScarletVanHalisha.getSkillAI(ScarletVanHalisha.java:178)
	at instances.LastImperialTomb.ScarletVanHalisha.onEvent(ScarletVanHalisha.java:76)
	at org.l2jmobius.gameserver.model.quest.Quest.notifyEvent(Quest.java:654)
	at org.l2jmobius.gameserver.model.quest.QuestTimer$ScheduleTimerTask.run(QuestTimer.java:161)
	at org.l2jmobius.commons.threads.ThreadPool$RunnableWrapper.run(ThreadPool.java:247)
	at java.base/java.util.concurrent.Executors$RunnableAdapter.call(Executors.java:545)
	at java.base/java.util.concurrent.FutureTask.runAndReset(FutureTask.java:369)
	at java.base/java.util.concurrent.ScheduledThreadPoolExecutor$ScheduledFutureTask.run(ScheduledThreadPoolExecutor.java:310)
	at java.base/java.util.concurrent.ThreadPoolExecutor.runWorker(ThreadPoolExecutor.java:1090)
	at java.base/java.util.concurrent.ThreadPoolExecutor$Worker.run(ThreadPoolExecutor.java:614)
	at java.base/java.lang.Thread.run(Thread.java:1474)

2025.10.04 22:38:08,590	WARNING	69	org.l2jmobius.gameserver.data.xml.SkillData	SkillData: No skill info found for skill id 5015 and skill level 6.
java.lang.Exception
	at org.l2jmobius.gameserver.data.xml.SkillData.getSkill(SkillData.java:992)
	at org.l2jmobius.gameserver.data.xml.SkillData.getSkill(SkillData.java:961)
	at instances.LastImperialTomb.ScarletVanHalisha.getRndSkills(ScarletVanHalisha.java:141)
	at instances.LastImperialTomb.ScarletVanHalisha.getSkillAI(ScarletVanHalisha.java:178)
	at instances.LastImperialTomb.ScarletVanHalisha.onEvent(ScarletVanHalisha.java:76)
	at org.l2jmobius.gameserver.model.quest.Quest.notifyEvent(Quest.java:654)
	at org.l2jmobius.gameserver.model.quest.QuestTimer$ScheduleTimerTask.run(QuestTimer.java:161)
	at org.l2jmobius.commons.threads.ThreadPool$RunnableWrapper.run(ThreadPool.java:247)
	at java.base/java.util.concurrent.Executors$RunnableAdapter.call(Executors.java:545)
	at java.base/java.util.concurrent.FutureTask.runAndReset(FutureTask.java:369)
	at java.base/java.util.concurrent.ScheduledThreadPoolExecutor$ScheduledFutureTask.run(ScheduledThreadPoolExecutor.java:310)
	at java.base/java.util.concurrent.ThreadPoolExecutor.runWorker(ThreadPoolExecutor.java:1090)
	at java.base/java.util.concurrent.ThreadPoolExecutor$Worker.run(ThreadPoolExecutor.java:614)
	at java.base/java.lang.Thread.run(Thread.java:1474)

2025.10.04 22:38:09,091	WARNING	55	org.l2jmobius.gameserver.data.xml.SkillData	SkillData: No skill info found for skill id 5015 and skill level 2.
java.lang.Exception
	at org.l2jmobius.gameserver.data.xml.SkillData.getSkill(SkillData.java:992)
	at org.l2jmobius.gameserver.data.xml.SkillData.getSkill(SkillData.java:961)
	at instances.LastImperialTomb.ScarletVanHalisha.getRndSkills(ScarletVanHalisha.java:145)
	at instances.LastImperialTomb.ScarletVanHalisha.getSkillAI(ScarletVanHalisha.java:178)
	at instances.LastImperialTomb.ScarletVanHalisha.onEvent(ScarletVanHalisha.java:76)
	at org.l2jmobius.gameserver.model.quest.Quest.notifyEvent(Quest.java:654)
	at org.l2jmobius.gameserver.model.quest.QuestTimer$ScheduleTimerTask.run(QuestTimer.java:161)
	at org.l2jmobius.commons.threads.ThreadPool$RunnableWrapper.run(ThreadPool.java:247)
	at java.base/java.util.concurrent.Executors$RunnableAdapter.call(Executors.java:545)
	at java.base/java.util.concurrent.FutureTask.runAndReset(FutureTask.java:369)
	at java.base/java.util.concurrent.ScheduledThreadPoolExecutor$ScheduledFutureTask.run(ScheduledThreadPoolExecutor.java:310)
	at java.base/java.util.concurrent.ThreadPoolExecutor.runWorker(ThreadPoolExecutor.java:1090)
	at java.base/java.util.concurrent.ThreadPoolExecutor$Worker.run(ThreadPoolExecutor.java:614)
	at java.base/java.lang.Thread.run(Thread.java:1474)

2025.10.04 22:38:39,591	WARNING	59	org.l2jmobius.gameserver.data.xml.SkillData	SkillData: No skill info found for skill id 5015 and skill level 3.
java.lang.Exception
	at org.l2jmobius.gameserver.data.xml.SkillData.getSkill(SkillData.java:992)
	at org.l2jmobius.gameserver.data.xml.SkillData.getSkill(SkillData.java:961)
	at instances.LastImperialTomb.ScarletVanHalisha.getRndSkills(ScarletVanHalisha.java:137)
	at instances.LastImperialTomb.ScarletVanHalisha.getSkillAI(ScarletVanHalisha.java:178)
	at instances.LastImperialTomb.ScarletVanHalisha.onEvent(ScarletVanHalisha.java:76)
	at org.l2jmobius.gameserver.model.quest.Quest.notifyEvent(Quest.java:654)
	at org.l2jmobius.gameserver.model.quest.QuestTimer$ScheduleTimerTask.run(QuestTimer.java:161)
	at org.l2jmobius.commons.threads.ThreadPool$RunnableWrapper.run(ThreadPool.java:247)
	at java.base/java.util.concurrent.Executors$RunnableAdapter.call(Executors.java:545)
	at java.base/java.util.concurrent.FutureTask.runAndReset(FutureTask.java:369)
	at java.base/java.util.concurrent.ScheduledThreadPoolExecutor$ScheduledFutureTask.run(ScheduledThreadPoolExecutor.java:310)
	at java.base/java.util.concurrent.ThreadPoolExecutor.runWorker(ThreadPoolExecutor.java:1090)
	at java.base/java.util.concurrent.ThreadPoolExecutor$Worker.run(ThreadPoolExecutor.java:614)
	at java.base/java.lang.Thread.run(Thread.java:1474)

2025.10.04 22:38:40,090	WARNING	68	org.l2jmobius.gameserver.data.xml.SkillData	SkillData: No skill info found for skill id 5015 and skill level 3.
java.lang.Exception
	at org.l2jmobius.gameserver.data.xml.SkillData.getSkill(SkillData.java:992)
	at org.l2jmobius.gameserver.data.xml.SkillData.getSkill(SkillData.java:961)
	at instances.LastImperialTomb.ScarletVanHalisha.getRndSkills(ScarletVanHalisha.java:137)
	at instances.LastImperialTomb.ScarletVanHalisha.getSkillAI(ScarletVanHalisha.java:178)
	at instances.LastImperialTomb.ScarletVanHalisha.onEvent(ScarletVanHalisha.java:76)
	at org.l2jmobius.gameserver.model.quest.Quest.notifyEvent(Quest.java:654)
	at org.l2jmobius.gameserver.model.quest.QuestTimer$ScheduleTimerTask.run(QuestTimer.java:161)
	at org.l2jmobius.commons.threads.ThreadPool$RunnableWrapper.run(ThreadPool.java:247)
	at java.base/java.util.concurrent.Executors$RunnableAdapter.call(Executors.java:545)
	at java.base/java.util.concurrent.FutureTask.runAndReset(FutureTask.java:369)
	at java.base/java.util.concurrent.ScheduledThreadPoolExecutor$ScheduledFutureTask.run(ScheduledThreadPoolExecutor.java:310)
	at java.base/java.util.concurrent.ThreadPoolExecutor.runWorker(ThreadPoolExecutor.java:1090)
	at java.base/java.util.concurrent.ThreadPoolExecutor$Worker.run(ThreadPoolExecutor.java:614)
	at java.base/java.lang.Thread.run(Thread.java:1474)

2025.10.04 22:38:40,590	WARNING	65	org.l2jmobius.gameserver.data.xml.SkillData	SkillData: No skill info found for skill id 5015 and skill level 3.
java.lang.Exception
	at org.l2jmobius.gameserver.data.xml.SkillData.getSkill(SkillData.java:992)
	at org.l2jmobius.gameserver.data.xml.SkillData.getSkill(SkillData.java:961)
	at instances.LastImperialTomb.ScarletVanHalisha.getRndSkills(ScarletVanHalisha.java:137)
	at instances.LastImperialTomb.ScarletVanHalisha.getSkillAI(ScarletVanHalisha.java:178)
	at instances.LastImperialTomb.ScarletVanHalisha.onEvent(ScarletVanHalisha.java:76)
	at org.l2jmobius.gameserver.model.quest.Quest.notifyEvent(Quest.java:654)
	at org.l2jmobius.gameserver.model.quest.QuestTimer$ScheduleTimerTask.run(QuestTimer.java:161)
	at org.l2jmobius.commons.threads.ThreadPool$RunnableWrapper.run(ThreadPool.java:247)
	at java.base/java.util.concurrent.Executors$RunnableAdapter.call(Executors.java:545)
	at java.base/java.util.concurrent.FutureTask.runAndReset(FutureTask.java:369)
	at java.base/java.util.concurrent.ScheduledThreadPoolExecutor$ScheduledFutureTask.run(ScheduledThreadPoolExecutor.java:310)
	at java.base/java.util.concurrent.ThreadPoolExecutor.runWorker(ThreadPoolExecutor.java:1090)
	at java.base/java.util.concurrent.ThreadPoolExecutor$Worker.run(ThreadPoolExecutor.java:614)
	at java.base/java.lang.Thread.run(Thread.java:1474)

2025.10.04 22:38:43,090	WARNING	61	org.l2jmobius.gameserver.data.xml.SkillData	SkillData: No skill info found for skill id 5015 and skill level 6.
java.lang.Exception
	at org.l2jmobius.gameserver.data.xml.SkillData.getSkill(SkillData.java:992)
	at org.l2jmobius.gameserver.data.xml.SkillData.getSkill(SkillData.java:961)
	at instances.LastImperialTomb.ScarletVanHalisha.getRndSkills(ScarletVanHalisha.java:141)
	at instances.LastImperialTomb.ScarletVanHalisha.getSkillAI(ScarletVanHalisha.java:178)
	at instances.LastImperialTomb.ScarletVanHalisha.onEvent(ScarletVanHalisha.java:76)
	at org.l2jmobius.gameserver.model.quest.Quest.notifyEvent(Quest.java:654)
	at org.l2jmobius.gameserver.model.quest.QuestTimer$ScheduleTimerTask.run(QuestTimer.java:161)
	at org.l2jmobius.commons.threads.ThreadPool$RunnableWrapper.run(ThreadPool.java:247)
	at java.base/java.util.concurrent.Executors$RunnableAdapter.call(Executors.java:545)
	at java.base/java.util.concurrent.FutureTask.runAndReset(FutureTask.java:369)
	at java.base/java.util.concurrent.ScheduledThreadPoolExecutor$ScheduledFutureTask.run(ScheduledThreadPoolExecutor.java:310)
	at java.base/java.util.concurrent.ThreadPoolExecutor.runWorker(ThreadPoolExecutor.java:1090)
	at java.base/java.util.concurrent.ThreadPoolExecutor$Worker.run(ThreadPoolExecutor.java:614)
	at java.base/java.lang.Thread.run(Thread.java:1474)

2025.10.04 22:38:53,591	WARNING	49	org.l2jmobius.gameserver.data.xml.SkillData	SkillData: No skill info found for skill id 5015 and skill level 6.
java.lang.Exception
	at org.l2jmobius.gameserver.data.xml.SkillData.getSkill(SkillData.java:992)
	at org.l2jmobius.gameserver.data.xml.SkillData.getSkill(SkillData.java:961)
	at instances.LastImperialTomb.ScarletVanHalisha.getRndSkills(ScarletVanHalisha.java:141)
	at instances.LastImperialTomb.ScarletVanHalisha.getSkillAI(ScarletVanHalisha.java:178)
	at instances.LastImperialTomb.ScarletVanHalisha.onEvent(ScarletVanHalisha.java:76)
	at org.l2jmobius.gameserver.model.quest.Quest.notifyEvent(Quest.java:654)
	at org.l2jmobius.gameserver.model.quest.QuestTimer$ScheduleTimerTask.run(QuestTimer.java:161)
	at org.l2jmobius.commons.threads.ThreadPool$RunnableWrapper.run(ThreadPool.java:247)
	at java.base/java.util.concurrent.Executors$RunnableAdapter.call(Executors.java:545)
	at java.base/java.util.concurrent.FutureTask.runAndReset(FutureTask.java:369)
	at java.base/java.util.concurrent.ScheduledThreadPoolExecutor$ScheduledFutureTask.run(ScheduledThreadPoolExecutor.java:310)
	at java.base/java.util.concurrent.ThreadPoolExecutor.runWorker(ThreadPoolExecutor.java:1090)
	at java.base/java.util.concurrent.ThreadPoolExecutor$Worker.run(ThreadPoolExecutor.java:614)
	at java.base/java.lang.Thread.run(Thread.java:1474)

2025.10.04 22:39:02,091	WARNING	61	org.l2jmobius.gameserver.data.xml.SkillData	SkillData: No skill info found for skill id 5015 and skill level 6.
java.lang.Exception
	at org.l2jmobius.gameserver.data.xml.SkillData.getSkill(SkillData.java:992)
	at org.l2jmobius.gameserver.data.xml.SkillData.getSkill(SkillData.java:961)
	at instances.LastImperialTomb.ScarletVanHalisha.getRndSkills(ScarletVanHalisha.java:141)
	at instances.LastImperialTomb.ScarletVanHalisha.getSkillAI(ScarletVanHalisha.java:178)
	at instances.LastImperialTomb.ScarletVanHalisha.onEvent(ScarletVanHalisha.java:76)
	at org.l2jmobius.gameserver.model.quest.Quest.notifyEvent(Quest.java:654)
	at org.l2jmobius.gameserver.model.quest.QuestTimer$ScheduleTimerTask.run(QuestTimer.java:161)
	at org.l2jmobius.commons.threads.ThreadPool$RunnableWrapper.run(ThreadPool.java:247)
	at java.base/java.util.concurrent.Executors$RunnableAdapter.call(Executors.java:545)
	at java.base/java.util.concurrent.FutureTask.runAndReset(FutureTask.java:369)
	at java.base/java.util.concurrent.ScheduledThreadPoolExecutor$ScheduledFutureTask.run(ScheduledThreadPoolExecutor.java:310)
	at java.base/java.util.concurrent.ThreadPoolExecutor.runWorker(ThreadPoolExecutor.java:1090)
	at java.base/java.util.concurrent.ThreadPoolExecutor$Worker.run(ThreadPoolExecutor.java:614)
	at java.base/java.lang.Thread.run(Thread.java:1474)

2025.10.04 22:39:02,590	WARNING	48	org.l2jmobius.gameserver.data.xml.SkillData	SkillData: No skill info found for skill id 5015 and skill level 2.
java.lang.Exception
	at org.l2jmobius.gameserver.data.xml.SkillData.getSkill(SkillData.java:992)
	at org.l2jmobius.gameserver.data.xml.SkillData.getSkill(SkillData.java:961)
	at instances.LastImperialTomb.ScarletVanHalisha.getRndSkills(ScarletVanHalisha.java:145)
	at instances.LastImperialTomb.ScarletVanHalisha.getSkillAI(ScarletVanHalisha.java:178)
	at instances.LastImperialTomb.ScarletVanHalisha.onEvent(ScarletVanHalisha.java:76)
	at org.l2jmobius.gameserver.model.quest.Quest.notifyEvent(Quest.java:654)
	at org.l2jmobius.gameserver.model.quest.QuestTimer$ScheduleTimerTask.run(QuestTimer.java:161)
	at org.l2jmobius.commons.threads.ThreadPool$RunnableWrapper.run(ThreadPool.java:247)
	at java.base/java.util.concurrent.Executors$RunnableAdapter.call(Executors.java:545)
	at java.base/java.util.concurrent.FutureTask.runAndReset(FutureTask.java:369)
	at java.base/java.util.concurrent.ScheduledThreadPoolExecutor$ScheduledFutureTask.run(ScheduledThreadPoolExecutor.java:310)
	at java.base/java.util.concurrent.ThreadPoolExecutor.runWorker(ThreadPoolExecutor.java:1090)
	at java.base/java.util.concurrent.ThreadPoolExecutor$Worker.run(ThreadPoolExecutor.java:614)
	at java.base/java.lang.Thread.run(Thread.java:1474)

2025.10.04 22:39:05,090	WARNING	69	org.l2jmobius.gameserver.data.xml.SkillData	SkillData: No skill info found for skill id 5015 and skill level 3.
java.lang.Exception
	at org.l2jmobius.gameserver.data.xml.SkillData.getSkill(SkillData.java:992)
	at org.l2jmobius.gameserver.data.xml.SkillData.getSkill(SkillData.java:961)
	at instances.LastImperialTomb.ScarletVanHalisha.getRndSkills(ScarletVanHalisha.java:137)
	at instances.LastImperialTomb.ScarletVanHalisha.getSkillAI(ScarletVanHalisha.java:178)
	at instances.LastImperialTomb.ScarletVanHalisha.onEvent(ScarletVanHalisha.java:76)
	at org.l2jmobius.gameserver.model.quest.Quest.notifyEvent(Quest.java:654)
	at org.l2jmobius.gameserver.model.quest.QuestTimer$ScheduleTimerTask.run(QuestTimer.java:161)
	at org.l2jmobius.commons.threads.ThreadPool$RunnableWrapper.run(ThreadPool.java:247)
	at java.base/java.util.concurrent.Executors$RunnableAdapter.call(Executors.java:545)
	at java.base/java.util.concurrent.FutureTask.runAndReset(FutureTask.java:369)
	at java.base/java.util.concurrent.ScheduledThreadPoolExecutor$ScheduledFutureTask.run(ScheduledThreadPoolExecutor.java:310)
	at java.base/java.util.concurrent.ThreadPoolExecutor.runWorker(ThreadPoolExecutor.java:1090)
	at java.base/java.util.concurrent.ThreadPoolExecutor$Worker.run(ThreadPoolExecutor.java:614)
	at java.base/java.lang.Thread.run(Thread.java:1474)

2025.10.04 22:39:11,590	WARNING	64	org.l2jmobius.gameserver.data.xml.SkillData	SkillData: No skill info found for skill id 5015 and skill level 6.
java.lang.Exception
	at org.l2jmobius.gameserver.data.xml.SkillData.getSkill(SkillData.java:992)
	at org.l2jmobius.gameserver.data.xml.SkillData.getSkill(SkillData.java:961)
	at instances.LastImperialTomb.ScarletVanHalisha.getRndSkills(ScarletVanHalisha.java:141)
	at instances.LastImperialTomb.ScarletVanHalisha.getSkillAI(ScarletVanHalisha.java:178)
	at instances.LastImperialTomb.ScarletVanHalisha.onEvent(ScarletVanHalisha.java:76)
	at org.l2jmobius.gameserver.model.quest.Quest.notifyEvent(Quest.java:654)
	at org.l2jmobius.gameserver.model.quest.QuestTimer$ScheduleTimerTask.run(QuestTimer.java:161)
	at org.l2jmobius.commons.threads.ThreadPool$RunnableWrapper.run(ThreadPool.java:247)
	at java.base/java.util.concurrent.Executors$RunnableAdapter.call(Executors.java:545)
	at java.base/java.util.concurrent.FutureTask.runAndReset(FutureTask.java:369)
	at java.base/java.util.concurrent.ScheduledThreadPoolExecutor$ScheduledFutureTask.run(ScheduledThreadPoolExecutor.java:310)
	at java.base/java.util.concurrent.ThreadPoolExecutor.runWorker(ThreadPoolExecutor.java:1090)
	at java.base/java.util.concurrent.ThreadPoolExecutor$Worker.run(ThreadPoolExecutor.java:614)
	at java.base/java.lang.Thread.run(Thread.java:1474)

2025.10.04 22:39:14,590	WARNING	51	org.l2jmobius.gameserver.data.xml.SkillData	SkillData: No skill info found for skill id 5015 and skill level 6.
java.lang.Exception
	at org.l2jmobius.gameserver.data.xml.SkillData.getSkill(SkillData.java:992)
	at org.l2jmobius.gameserver.data.xml.SkillData.getSkill(SkillData.java:961)
	at instances.LastImperialTomb.ScarletVanHalisha.getRndSkills(ScarletVanHalisha.java:141)
	at instances.LastImperialTomb.ScarletVanHalisha.getSkillAI(ScarletVanHalisha.java:178)
	at instances.LastImperialTomb.ScarletVanHalisha.onEvent(ScarletVanHalisha.java:76)
	at org.l2jmobius.gameserver.model.quest.Quest.notifyEvent(Quest.java:654)
	at org.l2jmobius.gameserver.model.quest.QuestTimer$ScheduleTimerTask.run(QuestTimer.java:161)
	at org.l2jmobius.commons.threads.ThreadPool$RunnableWrapper.run(ThreadPool.java:247)
	at java.base/java.util.concurrent.Executors$RunnableAdapter.call(Executors.java:545)
	at java.base/java.util.concurrent.FutureTask.runAndReset(FutureTask.java:369)
	at java.base/java.util.concurrent.ScheduledThreadPoolExecutor$ScheduledFutureTask.run(ScheduledThreadPoolExecutor.java:310)
	at java.base/java.util.concurrent.ThreadPoolExecutor.runWorker(ThreadPoolExecutor.java:1090)
	at java.base/java.util.concurrent.ThreadPoolExecutor$Worker.run(ThreadPoolExecutor.java:614)
	at java.base/java.lang.Thread.run(Thread.java:1474)

2025.10.04 22:39:15,090	WARNING	61	org.l2jmobius.gameserver.data.xml.SkillData	SkillData: No skill info found for skill id 5015 and skill level 6.
java.lang.Exception
	at org.l2jmobius.gameserver.data.xml.SkillData.getSkill(SkillData.java:992)
	at org.l2jmobius.gameserver.data.xml.SkillData.getSkill(SkillData.java:961)
	at instances.LastImperialTomb.ScarletVanHalisha.getRndSkills(ScarletVanHalisha.java:141)
	at instances.LastImperialTomb.ScarletVanHalisha.getSkillAI(ScarletVanHalisha.java:178)
	at instances.LastImperialTomb.ScarletVanHalisha.onEvent(ScarletVanHalisha.java:76)
	at org.l2jmobius.gameserver.model.quest.Quest.notifyEvent(Quest.java:654)
	at org.l2jmobius.gameserver.model.quest.QuestTimer$ScheduleTimerTask.run(QuestTimer.java:161)
	at org.l2jmobius.commons.threads.ThreadPool$RunnableWrapper.run(ThreadPool.java:247)
	at java.base/java.util.concurrent.Executors$RunnableAdapter.call(Executors.java:545)
	at java.base/java.util.concurrent.FutureTask.runAndReset(FutureTask.java:369)
	at java.base/java.util.concurrent.ScheduledThreadPoolExecutor$ScheduledFutureTask.run(ScheduledThreadPoolExecutor.java:310)
	at java.base/java.util.concurrent.ThreadPoolExecutor.runWorker(ThreadPoolExecutor.java:1090)
	at java.base/java.util.concurrent.ThreadPoolExecutor$Worker.run(ThreadPoolExecutor.java:614)
	at java.base/java.lang.Thread.run(Thread.java:1474)

2025.10.04 22:39:17,590	WARNING	66	org.l2jmobius.gameserver.data.xml.SkillData	SkillData: No skill info found for skill id 5015 and skill level 3.
java.lang.Exception
	at org.l2jmobius.gameserver.data.xml.SkillData.getSkill(SkillData.java:992)
	at org.l2jmobius.gameserver.data.xml.SkillData.getSkill(SkillData.java:961)
	at instances.LastImperialTomb.ScarletVanHalisha.getRndSkills(ScarletVanHalisha.java:137)
	at instances.LastImperialTomb.ScarletVanHalisha.getSkillAI(ScarletVanHalisha.java:178)
	at instances.LastImperialTomb.ScarletVanHalisha.onEvent(ScarletVanHalisha.java:76)
	at org.l2jmobius.gameserver.model.quest.Quest.notifyEvent(Quest.java:654)
	at org.l2jmobius.gameserver.model.quest.QuestTimer$ScheduleTimerTask.run(QuestTimer.java:161)
	at org.l2jmobius.commons.threads.ThreadPool$RunnableWrapper.run(ThreadPool.java:247)
	at java.base/java.util.concurrent.Executors$RunnableAdapter.call(Executors.java:545)
	at java.base/java.util.concurrent.FutureTask.runAndReset(FutureTask.java:369)
	at java.base/java.util.concurrent.ScheduledThreadPoolExecutor$ScheduledFutureTask.run(ScheduledThreadPoolExecutor.java:310)
	at java.base/java.util.concurrent.ThreadPoolExecutor.runWorker(ThreadPoolExecutor.java:1090)
	at java.base/java.util.concurrent.ThreadPoolExecutor$Worker.run(ThreadPoolExecutor.java:614)
	at java.base/java.lang.Thread.run(Thread.java:1474)

2025.10.04 22:39:17,590	WARNING	66	org.l2jmobius.gameserver.data.xml.SkillData	SkillData: No skill info found for skill id 5015 and skill level 2.
java.lang.Exception
	at org.l2jmobius.gameserver.data.xml.SkillData.getSkill(SkillData.java:992)
	at org.l2jmobius.gameserver.data.xml.SkillData.getSkill(SkillData.java:961)
	at instances.LastImperialTomb.ScarletVanHalisha.getRndSkills(ScarletVanHalisha.java:145)
	at instances.LastImperialTomb.ScarletVanHalisha.getSkillAI(ScarletVanHalisha.java:185)
	at instances.LastImperialTomb.ScarletVanHalisha.onEvent(ScarletVanHalisha.java:76)
	at org.l2jmobius.gameserver.model.quest.Quest.notifyEvent(Quest.java:654)
	at org.l2jmobius.gameserver.model.quest.QuestTimer$ScheduleTimerTask.run(QuestTimer.java:161)
	at org.l2jmobius.commons.threads.ThreadPool$RunnableWrapper.run(ThreadPool.java:247)
	at java.base/java.util.concurrent.Executors$RunnableAdapter.call(Executors.java:545)
	at java.base/java.util.concurrent.FutureTask.runAndReset(FutureTask.java:369)
	at java.base/java.util.concurrent.ScheduledThreadPoolExecutor$ScheduledFutureTask.run(ScheduledThreadPoolExecutor.java:310)
	at java.base/java.util.concurrent.ThreadPoolExecutor.runWorker(ThreadPoolExecutor.java:1090)
	at java.base/java.util.concurrent.ThreadPoolExecutor$Worker.run(ThreadPoolExecutor.java:614)
	at java.base/java.lang.Thread.run(Thread.java:1474)

2025.10.04 22:39:31,591	WARNING	49	org.l2jmobius.gameserver.data.xml.SkillData	SkillData: No skill info found for skill id 5015 and skill level 2.
java.lang.Exception
	at org.l2jmobius.gameserver.data.xml.SkillData.getSkill(SkillData.java:992)
	at org.l2jmobius.gameserver.data.xml.SkillData.getSkill(SkillData.java:961)
	at instances.LastImperialTomb.ScarletVanHalisha.getRndSkills(ScarletVanHalisha.java:145)
	at instances.LastImperialTomb.ScarletVanHalisha.getSkillAI(ScarletVanHalisha.java:178)
	at instances.LastImperialTomb.ScarletVanHalisha.onEvent(ScarletVanHalisha.java:76)
	at org.l2jmobius.gameserver.model.quest.Quest.notifyEvent(Quest.java:654)
	at org.l2jmobius.gameserver.model.quest.QuestTimer$ScheduleTimerTask.run(QuestTimer.java:161)
	at org.l2jmobius.commons.threads.ThreadPool$RunnableWrapper.run(ThreadPool.java:247)
	at java.base/java.util.concurrent.Executors$RunnableAdapter.call(Executors.java:545)
	at java.base/java.util.concurrent.FutureTask.runAndReset(FutureTask.java:369)
	at java.base/java.util.concurrent.ScheduledThreadPoolExecutor$ScheduledFutureTask.run(ScheduledThreadPoolExecutor.java:310)
	at java.base/java.util.concurrent.ThreadPoolExecutor.runWorker(ThreadPoolExecutor.java:1090)
	at java.base/java.util.concurrent.ThreadPoolExecutor$Worker.run(ThreadPoolExecutor.java:614)
	at java.base/java.lang.Thread.run(Thread.java:1474)

2025.10.04 22:39:32,091	WARNING	63	org.l2jmobius.gameserver.data.xml.SkillData	SkillData: No skill info found for skill id 5015 and skill level 3.
java.lang.Exception
	at org.l2jmobius.gameserver.data.xml.SkillData.getSkill(SkillData.java:992)
	at org.l2jmobius.gameserver.data.xml.SkillData.getSkill(SkillData.java:961)
	at instances.LastImperialTomb.ScarletVanHalisha.getRndSkills(ScarletVanHalisha.java:137)
	at instances.LastImperialTomb.ScarletVanHalisha.getSkillAI(ScarletVanHalisha.java:178)
	at instances.LastImperialTomb.ScarletVanHalisha.onEvent(ScarletVanHalisha.java:76)
	at org.l2jmobius.gameserver.model.quest.Quest.notifyEvent(Quest.java:654)
	at org.l2jmobius.gameserver.model.quest.QuestTimer$ScheduleTimerTask.run(QuestTimer.java:161)
	at org.l2jmobius.commons.threads.ThreadPool$RunnableWrapper.run(ThreadPool.java:247)
	at java.base/java.util.concurrent.Executors$RunnableAdapter.call(Executors.java:545)
	at java.base/java.util.concurrent.FutureTask.runAndReset(FutureTask.java:369)
	at java.base/java.util.concurrent.ScheduledThreadPoolExecutor$ScheduledFutureTask.run(ScheduledThreadPoolExecutor.java:310)
	at java.base/java.util.concurrent.ThreadPoolExecutor.runWorker(ThreadPoolExecutor.java:1090)
	at java.base/java.util.concurrent.ThreadPoolExecutor$Worker.run(ThreadPoolExecutor.java:614)
	at java.base/java.lang.Thread.run(Thread.java:1474)

2025.10.04 22:39:32,590	WARNING	63	org.l2jmobius.gameserver.data.xml.SkillData	SkillData: No skill info found for skill id 5015 and skill level 2.
java.lang.Exception
	at org.l2jmobius.gameserver.data.xml.SkillData.getSkill(SkillData.java:992)
	at org.l2jmobius.gameserver.data.xml.SkillData.getSkill(SkillData.java:961)
	at instances.LastImperialTomb.ScarletVanHalisha.getRndSkills(ScarletVanHalisha.java:145)
	at instances.LastImperialTomb.ScarletVanHalisha.getSkillAI(ScarletVanHalisha.java:178)
	at instances.LastImperialTomb.ScarletVanHalisha.onEvent(ScarletVanHalisha.java:76)
	at org.l2jmobius.gameserver.model.quest.Quest.notifyEvent(Quest.java:654)
	at org.l2jmobius.gameserver.model.quest.QuestTimer$ScheduleTimerTask.run(QuestTimer.java:161)
	at org.l2jmobius.commons.threads.ThreadPool$RunnableWrapper.run(ThreadPool.java:247)
	at java.base/java.util.concurrent.Executors$RunnableAdapter.call(Executors.java:545)
	at java.base/java.util.concurrent.FutureTask.runAndReset(FutureTask.java:369)
	at java.base/java.util.concurrent.ScheduledThreadPoolExecutor$ScheduledFutureTask.run(ScheduledThreadPoolExecutor.java:310)
	at java.base/java.util.concurrent.ThreadPoolExecutor.runWorker(ThreadPoolExecutor.java:1090)
	at java.base/java.util.concurrent.ThreadPoolExecutor$Worker.run(ThreadPoolExecutor.java:614)
	at java.base/java.lang.Thread.run(Thread.java:1474)

2025.10.04 22:39:33,091	WARNING	68	org.l2jmobius.gameserver.data.xml.SkillData	SkillData: No skill info found for skill id 5015 and skill level 6.
java.lang.Exception
	at org.l2jmobius.gameserver.data.xml.SkillData.getSkill(SkillData.java:992)
	at org.l2jmobius.gameserver.data.xml.SkillData.getSkill(SkillData.java:961)
	at instances.LastImperialTomb.ScarletVanHalisha.getRndSkills(ScarletVanHalisha.java:141)
	at instances.LastImperialTomb.ScarletVanHalisha.getSkillAI(ScarletVanHalisha.java:178)
	at instances.LastImperialTomb.ScarletVanHalisha.onEvent(ScarletVanHalisha.java:76)
	at org.l2jmobius.gameserver.model.quest.Quest.notifyEvent(Quest.java:654)
	at org.l2jmobius.gameserver.model.quest.QuestTimer$ScheduleTimerTask.run(QuestTimer.java:161)
	at org.l2jmobius.commons.threads.ThreadPool$RunnableWrapper.run(ThreadPool.java:247)
	at java.base/java.util.concurrent.Executors$RunnableAdapter.call(Executors.java:545)
	at java.base/java.util.concurrent.FutureTask.runAndReset(FutureTask.java:369)
	at java.base/java.util.concurrent.ScheduledThreadPoolExecutor$ScheduledFutureTask.run(ScheduledThreadPoolExecutor.java:310)
	at java.base/java.util.concurrent.ThreadPoolExecutor.runWorker(ThreadPoolExecutor.java:1090)
	at java.base/java.util.concurrent.ThreadPoolExecutor$Worker.run(ThreadPoolExecutor.java:614)
	at java.base/java.lang.Thread.run(Thread.java:1474)

2025.10.04 22:39:45,090	WARNING	52	org.l2jmobius.gameserver.data.xml.SkillData	SkillData: No skill info found for skill id 5015 and skill level 2.
java.lang.Exception
	at org.l2jmobius.gameserver.data.xml.SkillData.getSkill(SkillData.java:992)
	at org.l2jmobius.gameserver.data.xml.SkillData.getSkill(SkillData.java:961)
	at instances.LastImperialTomb.ScarletVanHalisha.getRndSkills(ScarletVanHalisha.java:145)
	at instances.LastImperialTomb.ScarletVanHalisha.getSkillAI(ScarletVanHalisha.java:178)
	at instances.LastImperialTomb.ScarletVanHalisha.onEvent(ScarletVanHalisha.java:76)
	at org.l2jmobius.gameserver.model.quest.Quest.notifyEvent(Quest.java:654)
	at org.l2jmobius.gameserver.model.quest.QuestTimer$ScheduleTimerTask.run(QuestTimer.java:161)
	at org.l2jmobius.commons.threads.ThreadPool$RunnableWrapper.run(ThreadPool.java:247)
	at java.base/java.util.concurrent.Executors$RunnableAdapter.call(Executors.java:545)
	at java.base/java.util.concurrent.FutureTask.runAndReset(FutureTask.java:369)
	at java.base/java.util.concurrent.ScheduledThreadPoolExecutor$ScheduledFutureTask.run(ScheduledThreadPoolExecutor.java:310)
	at java.base/java.util.concurrent.ThreadPoolExecutor.runWorker(ThreadPoolExecutor.java:1090)
	at java.base/java.util.concurrent.ThreadPoolExecutor$Worker.run(ThreadPoolExecutor.java:614)
	at java.base/java.lang.Thread.run(Thread.java:1474)

2025.10.04 22:39:53,591	WARNING	57	org.l2jmobius.gameserver.data.xml.SkillData	SkillData: No skill info found for skill id 5015 and skill level 2.
java.lang.Exception
	at org.l2jmobius.gameserver.data.xml.SkillData.getSkill(SkillData.java:992)
	at org.l2jmobius.gameserver.data.xml.SkillData.getSkill(SkillData.java:961)
	at instances.LastImperialTomb.ScarletVanHalisha.getRndSkills(ScarletVanHalisha.java:145)
	at instances.LastImperialTomb.ScarletVanHalisha.getSkillAI(ScarletVanHalisha.java:178)
	at instances.LastImperialTomb.ScarletVanHalisha.onEvent(ScarletVanHalisha.java:76)
	at org.l2jmobius.gameserver.model.quest.Quest.notifyEvent(Quest.java:654)
	at org.l2jmobius.gameserver.model.quest.QuestTimer$ScheduleTimerTask.run(QuestTimer.java:161)
	at org.l2jmobius.commons.threads.ThreadPool$RunnableWrapper.run(ThreadPool.java:247)
	at java.base/java.util.concurrent.Executors$RunnableAdapter.call(Executors.java:545)
	at java.base/java.util.concurrent.FutureTask.runAndReset(FutureTask.java:369)
	at java.base/java.util.concurrent.ScheduledThreadPoolExecutor$ScheduledFutureTask.run(ScheduledThreadPoolExecutor.java:310)
	at java.base/java.util.concurrent.ThreadPoolExecutor.runWorker(ThreadPoolExecutor.java:1090)
	at java.base/java.util.concurrent.ThreadPoolExecutor$Worker.run(ThreadPoolExecutor.java:614)
	at java.base/java.lang.Thread.run(Thread.java:1474)

2025.10.04 22:39:58,090	WARNING	62	org.l2jmobius.gameserver.data.xml.SkillData	SkillData: No skill info found for skill id 5015 and skill level 3.
java.lang.Exception
	at org.l2jmobius.gameserver.data.xml.SkillData.getSkill(SkillData.java:992)
	at org.l2jmobius.gameserver.data.xml.SkillData.getSkill(SkillData.java:961)
	at instances.LastImperialTomb.ScarletVanHalisha.getRndSkills(ScarletVanHalisha.java:137)
	at instances.LastImperialTomb.ScarletVanHalisha.getSkillAI(ScarletVanHalisha.java:178)
	at instances.LastImperialTomb.ScarletVanHalisha.onEvent(ScarletVanHalisha.java:76)
	at org.l2jmobius.gameserver.model.quest.Quest.notifyEvent(Quest.java:654)
	at org.l2jmobius.gameserver.model.quest.QuestTimer$ScheduleTimerTask.run(QuestTimer.java:161)
	at org.l2jmobius.commons.threads.ThreadPool$RunnableWrapper.run(ThreadPool.java:247)
	at java.base/java.util.concurrent.Executors$RunnableAdapter.call(Executors.java:545)
	at java.base/java.util.concurrent.FutureTask.runAndReset(FutureTask.java:369)
	at java.base/java.util.concurrent.ScheduledThreadPoolExecutor$ScheduledFutureTask.run(ScheduledThreadPoolExecutor.java:310)
	at java.base/java.util.concurrent.ThreadPoolExecutor.runWorker(ThreadPoolExecutor.java:1090)
	at java.base/java.util.concurrent.ThreadPoolExecutor$Worker.run(ThreadPoolExecutor.java:614)
	at java.base/java.lang.Thread.run(Thread.java:1474)

2025.10.04 22:39:58,590	WARNING	67	org.l2jmobius.gameserver.data.xml.SkillData	SkillData: No skill info found for skill id 5015 and skill level 6.
java.lang.Exception
	at org.l2jmobius.gameserver.data.xml.SkillData.getSkill(SkillData.java:992)
	at org.l2jmobius.gameserver.data.xml.SkillData.getSkill(SkillData.java:961)
	at instances.LastImperialTomb.ScarletVanHalisha.getRndSkills(ScarletVanHalisha.java:141)
	at instances.LastImperialTomb.ScarletVanHalisha.getSkillAI(ScarletVanHalisha.java:178)
	at instances.LastImperialTomb.ScarletVanHalisha.onEvent(ScarletVanHalisha.java:76)
	at org.l2jmobius.gameserver.model.quest.Quest.notifyEvent(Quest.java:654)
	at org.l2jmobius.gameserver.model.quest.QuestTimer$ScheduleTimerTask.run(QuestTimer.java:161)
	at org.l2jmobius.commons.threads.ThreadPool$RunnableWrapper.run(ThreadPool.java:247)
	at java.base/java.util.concurrent.Executors$RunnableAdapter.call(Executors.java:545)
	at java.base/java.util.concurrent.FutureTask.runAndReset(FutureTask.java:369)
	at java.base/java.util.concurrent.ScheduledThreadPoolExecutor$ScheduledFutureTask.run(ScheduledThreadPoolExecutor.java:310)
	at java.base/java.util.concurrent.ThreadPoolExecutor.runWorker(ThreadPoolExecutor.java:1090)
	at java.base/java.util.concurrent.ThreadPoolExecutor$Worker.run(ThreadPoolExecutor.java:614)
	at java.base/java.lang.Thread.run(Thread.java:1474)

2025.10.04 22:40:01,090	WARNING	51	org.l2jmobius.gameserver.data.xml.SkillData	SkillData: No skill info found for skill id 5015 and skill level 2.
java.lang.Exception
	at org.l2jmobius.gameserver.data.xml.SkillData.getSkill(SkillData.java:992)
	at org.l2jmobius.gameserver.data.xml.SkillData.getSkill(SkillData.java:961)
	at instances.LastImperialTomb.ScarletVanHalisha.getRndSkills(ScarletVanHalisha.java:145)
	at instances.LastImperialTomb.ScarletVanHalisha.getSkillAI(ScarletVanHalisha.java:178)
	at instances.LastImperialTomb.ScarletVanHalisha.onEvent(ScarletVanHalisha.java:76)
	at org.l2jmobius.gameserver.model.quest.Quest.notifyEvent(Quest.java:654)
	at org.l2jmobius.gameserver.model.quest.QuestTimer$ScheduleTimerTask.run(QuestTimer.java:161)
	at org.l2jmobius.commons.threads.ThreadPool$RunnableWrapper.run(ThreadPool.java:247)
	at java.base/java.util.concurrent.Executors$RunnableAdapter.call(Executors.java:545)
	at java.base/java.util.concurrent.FutureTask.runAndReset(FutureTask.java:369)
	at java.base/java.util.concurrent.ScheduledThreadPoolExecutor$ScheduledFutureTask.run(ScheduledThreadPoolExecutor.java:310)
	at java.base/java.util.concurrent.ThreadPoolExecutor.runWorker(ThreadPoolExecutor.java:1090)
	at java.base/java.util.concurrent.ThreadPoolExecutor$Worker.run(ThreadPoolExecutor.java:614)
	at java.base/java.lang.Thread.run(Thread.java:1474)

2025.10.04 22:40:09,590	WARNING	69	org.l2jmobius.gameserver.data.xml.SkillData	SkillData: No skill info found for skill id 5015 and skill level 2.
java.lang.Exception
	at org.l2jmobius.gameserver.data.xml.SkillData.getSkill(SkillData.java:992)
	at org.l2jmobius.gameserver.data.xml.SkillData.getSkill(SkillData.java:961)
	at instances.LastImperialTomb.ScarletVanHalisha.getRndSkills(ScarletVanHalisha.java:145)
	at instances.LastImperialTomb.ScarletVanHalisha.getSkillAI(ScarletVanHalisha.java:178)
	at instances.LastImperialTomb.ScarletVanHalisha.onEvent(ScarletVanHalisha.java:76)
	at org.l2jmobius.gameserver.model.quest.Quest.notifyEvent(Quest.java:654)
	at org.l2jmobius.gameserver.model.quest.QuestTimer$ScheduleTimerTask.run(QuestTimer.java:161)
	at org.l2jmobius.commons.threads.ThreadPool$RunnableWrapper.run(ThreadPool.java:247)
	at java.base/java.util.concurrent.Executors$RunnableAdapter.call(Executors.java:545)
	at java.base/java.util.concurrent.FutureTask.runAndReset(FutureTask.java:369)
	at java.base/java.util.concurrent.ScheduledThreadPoolExecutor$ScheduledFutureTask.run(ScheduledThreadPoolExecutor.java:310)
	at java.base/java.util.concurrent.ThreadPoolExecutor.runWorker(ThreadPoolExecutor.java:1090)
	at java.base/java.util.concurrent.ThreadPoolExecutor$Worker.run(ThreadPoolExecutor.java:614)
	at java.base/java.lang.Thread.run(Thread.java:1474)

2025.10.04 22:40:14,090	WARNING	69	org.l2jmobius.gameserver.data.xml.SkillData	SkillData: No skill info found for skill id 5015 and skill level 6.
java.lang.Exception
	at org.l2jmobius.gameserver.data.xml.SkillData.getSkill(SkillData.java:992)
	at org.l2jmobius.gameserver.data.xml.SkillData.getSkill(SkillData.java:961)
	at instances.LastImperialTomb.ScarletVanHalisha.getRndSkills(ScarletVanHalisha.java:141)
	at instances.LastImperialTomb.ScarletVanHalisha.getSkillAI(ScarletVanHalisha.java:178)
	at instances.LastImperialTomb.ScarletVanHalisha.onEvent(ScarletVanHalisha.java:76)
	at org.l2jmobius.gameserver.model.quest.Quest.notifyEvent(Quest.java:654)
	at org.l2jmobius.gameserver.model.quest.QuestTimer$ScheduleTimerTask.run(QuestTimer.java:161)
	at org.l2jmobius.commons.threads.ThreadPool$RunnableWrapper.run(ThreadPool.java:247)
	at java.base/java.util.concurrent.Executors$RunnableAdapter.call(Executors.java:545)
	at java.base/java.util.concurrent.FutureTask.runAndReset(FutureTask.java:369)
	at java.base/java.util.concurrent.ScheduledThreadPoolExecutor$ScheduledFutureTask.run(ScheduledThreadPoolExecutor.java:310)
	at java.base/java.util.concurrent.ThreadPoolExecutor.runWorker(ThreadPoolExecutor.java:1090)
	at java.base/java.util.concurrent.ThreadPoolExecutor$Worker.run(ThreadPoolExecutor.java:614)
	at java.base/java.lang.Thread.run(Thread.java:1474)

2025.10.04 22:40:14,591	WARNING	69	org.l2jmobius.gameserver.data.xml.SkillData	SkillData: No skill info found for skill id 5015 and skill level 6.
java.lang.Exception
	at org.l2jmobius.gameserver.data.xml.SkillData.getSkill(SkillData.java:992)
	at org.l2jmobius.gameserver.data.xml.SkillData.getSkill(SkillData.java:961)
	at instances.LastImperialTomb.ScarletVanHalisha.getRndSkills(ScarletVanHalisha.java:141)
	at instances.LastImperialTomb.ScarletVanHalisha.getSkillAI(ScarletVanHalisha.java:178)
	at instances.LastImperialTomb.ScarletVanHalisha.onEvent(ScarletVanHalisha.java:76)
	at org.l2jmobius.gameserver.model.quest.Quest.notifyEvent(Quest.java:654)
	at org.l2jmobius.gameserver.model.quest.QuestTimer$ScheduleTimerTask.run(QuestTimer.java:161)
	at org.l2jmobius.commons.threads.ThreadPool$RunnableWrapper.run(ThreadPool.java:247)
	at java.base/java.util.concurrent.Executors$RunnableAdapter.call(Executors.java:545)
	at java.base/java.util.concurrent.FutureTask.runAndReset(FutureTask.java:369)
	at java.base/java.util.concurrent.ScheduledThreadPoolExecutor$ScheduledFutureTask.run(ScheduledThreadPoolExecutor.java:310)
	at java.base/java.util.concurrent.ThreadPoolExecutor.runWorker(ThreadPoolExecutor.java:1090)
	at java.base/java.util.concurrent.ThreadPoolExecutor$Worker.run(ThreadPoolExecutor.java:614)
	at java.base/java.lang.Thread.run(Thread.java:1474)

2025.10.04 22:40:27,590	WARNING	60	org.l2jmobius.gameserver.data.xml.SkillData	SkillData: No skill info found for skill id 5015 and skill level 3.
java.lang.Exception
	at org.l2jmobius.gameserver.data.xml.SkillData.getSkill(SkillData.java:992)
	at org.l2jmobius.gameserver.data.xml.SkillData.getSkill(SkillData.java:961)
	at instances.LastImperialTomb.ScarletVanHalisha.getRndSkills(ScarletVanHalisha.java:137)
	at instances.LastImperialTomb.ScarletVanHalisha.getSkillAI(ScarletVanHalisha.java:178)
	at instances.LastImperialTomb.ScarletVanHalisha.onEvent(ScarletVanHalisha.java:76)
	at org.l2jmobius.gameserver.model.quest.Quest.notifyEvent(Quest.java:654)
	at org.l2jmobius.gameserver.model.quest.QuestTimer$ScheduleTimerTask.run(QuestTimer.java:161)
	at org.l2jmobius.commons.threads.ThreadPool$RunnableWrapper.run(ThreadPool.java:247)
	at java.base/java.util.concurrent.Executors$RunnableAdapter.call(Executors.java:545)
	at java.base/java.util.concurrent.FutureTask.runAndReset(FutureTask.java:369)
	at java.base/java.util.concurrent.ScheduledThreadPoolExecutor$ScheduledFutureTask.run(ScheduledThreadPoolExecutor.java:310)
	at java.base/java.util.concurrent.ThreadPoolExecutor.runWorker(ThreadPoolExecutor.java:1090)
	at java.base/java.util.concurrent.ThreadPoolExecutor$Worker.run(ThreadPoolExecutor.java:614)
	at java.base/java.lang.Thread.run(Thread.java:1474)

2025.10.04 22:40:32,090	WARNING	52	org.l2jmobius.gameserver.data.xml.SkillData	SkillData: No skill info found for skill id 5015 and skill level 3.
java.lang.Exception
	at org.l2jmobius.gameserver.data.xml.SkillData.getSkill(SkillData.java:992)
	at org.l2jmobius.gameserver.data.xml.SkillData.getSkill(SkillData.java:961)
	at instances.LastImperialTomb.ScarletVanHalisha.getRndSkills(ScarletVanHalisha.java:137)
	at instances.LastImperialTomb.ScarletVanHalisha.getSkillAI(ScarletVanHalisha.java:178)
	at instances.LastImperialTomb.ScarletVanHalisha.onEvent(ScarletVanHalisha.java:76)
	at org.l2jmobius.gameserver.model.quest.Quest.notifyEvent(Quest.java:654)
	at org.l2jmobius.gameserver.model.quest.QuestTimer$ScheduleTimerTask.run(QuestTimer.java:161)
	at org.l2jmobius.commons.threads.ThreadPool$RunnableWrapper.run(ThreadPool.java:247)
	at java.base/java.util.concurrent.Executors$RunnableAdapter.call(Executors.java:545)
	at java.base/java.util.concurrent.FutureTask.runAndReset(FutureTask.java:369)
	at java.base/java.util.concurrent.ScheduledThreadPoolExecutor$ScheduledFutureTask.run(ScheduledThreadPoolExecutor.java:310)
	at java.base/java.util.concurrent.ThreadPoolExecutor.runWorker(ThreadPoolExecutor.java:1090)
	at java.base/java.util.concurrent.ThreadPoolExecutor$Worker.run(ThreadPoolExecutor.java:614)
	at java.base/java.lang.Thread.run(Thread.java:1474)

2025.10.04 22:40:32,090	WARNING	52	org.l2jmobius.gameserver.data.xml.SkillData	SkillData: No skill info found for skill id 5015 and skill level 2.
java.lang.Exception
	at org.l2jmobius.gameserver.data.xml.SkillData.getSkill(SkillData.java:992)
	at org.l2jmobius.gameserver.data.xml.SkillData.getSkill(SkillData.java:961)
	at instances.LastImperialTomb.ScarletVanHalisha.getRndSkills(ScarletVanHalisha.java:145)
	at instances.LastImperialTomb.ScarletVanHalisha.getSkillAI(ScarletVanHalisha.java:185)
	at instances.LastImperialTomb.ScarletVanHalisha.onEvent(ScarletVanHalisha.java:76)
	at org.l2jmobius.gameserver.model.quest.Quest.notifyEvent(Quest.java:654)
	at org.l2jmobius.gameserver.model.quest.QuestTimer$ScheduleTimerTask.run(QuestTimer.java:161)
	at org.l2jmobius.commons.threads.ThreadPool$RunnableWrapper.run(ThreadPool.java:247)
	at java.base/java.util.concurrent.Executors$RunnableAdapter.call(Executors.java:545)
	at java.base/java.util.concurrent.FutureTask.runAndReset(FutureTask.java:369)
	at java.base/java.util.concurrent.ScheduledThreadPoolExecutor$ScheduledFutureTask.run(ScheduledThreadPoolExecutor.java:310)
	at java.base/java.util.concurrent.ThreadPoolExecutor.runWorker(ThreadPoolExecutor.java:1090)
	at java.base/java.util.concurrent.ThreadPoolExecutor$Worker.run(ThreadPoolExecutor.java:614)
	at java.base/java.lang.Thread.run(Thread.java:1474)

2025.10.04 22:40:38,591	WARNING	67	org.l2jmobius.gameserver.data.xml.SkillData	SkillData: No skill info found for skill id 5015 and skill level 6.
java.lang.Exception
	at org.l2jmobius.gameserver.data.xml.SkillData.getSkill(SkillData.java:992)
	at org.l2jmobius.gameserver.data.xml.SkillData.getSkill(SkillData.java:961)
	at instances.LastImperialTomb.ScarletVanHalisha.getRndSkills(ScarletVanHalisha.java:141)
	at instances.LastImperialTomb.ScarletVanHalisha.getSkillAI(ScarletVanHalisha.java:178)
	at instances.LastImperialTomb.ScarletVanHalisha.onEvent(ScarletVanHalisha.java:76)
	at org.l2jmobius.gameserver.model.quest.Quest.notifyEvent(Quest.java:654)
	at org.l2jmobius.gameserver.model.quest.QuestTimer$ScheduleTimerTask.run(QuestTimer.java:161)
	at org.l2jmobius.commons.threads.ThreadPool$RunnableWrapper.run(ThreadPool.java:247)
	at java.base/java.util.concurrent.Executors$RunnableAdapter.call(Executors.java:545)
	at java.base/java.util.concurrent.FutureTask.runAndReset(FutureTask.java:369)
	at java.base/java.util.concurrent.ScheduledThreadPoolExecutor$ScheduledFutureTask.run(ScheduledThreadPoolExecutor.java:310)
	at java.base/java.util.concurrent.ThreadPoolExecutor.runWorker(ThreadPoolExecutor.java:1090)
	at java.base/java.util.concurrent.ThreadPoolExecutor$Worker.run(ThreadPoolExecutor.java:614)
	at java.base/java.lang.Thread.run(Thread.java:1474)

2025.10.04 22:40:43,090	WARNING	70	org.l2jmobius.gameserver.data.xml.SkillData	SkillData: No skill info found for skill id 5015 and skill level 6.
java.lang.Exception
	at org.l2jmobius.gameserver.data.xml.SkillData.getSkill(SkillData.java:992)
	at org.l2jmobius.gameserver.data.xml.SkillData.getSkill(SkillData.java:961)
	at instances.LastImperialTomb.ScarletVanHalisha.getRndSkills(ScarletVanHalisha.java:141)
	at instances.LastImperialTomb.ScarletVanHalisha.getSkillAI(ScarletVanHalisha.java:178)
	at instances.LastImperialTomb.ScarletVanHalisha.onEvent(ScarletVanHalisha.java:76)
	at org.l2jmobius.gameserver.model.quest.Quest.notifyEvent(Quest.java:654)
	at org.l2jmobius.gameserver.model.quest.QuestTimer$ScheduleTimerTask.run(QuestTimer.java:161)
	at org.l2jmobius.commons.threads.ThreadPool$RunnableWrapper.run(ThreadPool.java:247)
	at java.base/java.util.concurrent.Executors$RunnableAdapter.call(Executors.java:545)
	at java.base/java.util.concurrent.FutureTask.runAndReset(FutureTask.java:369)
	at java.base/java.util.concurrent.ScheduledThreadPoolExecutor$ScheduledFutureTask.run(ScheduledThreadPoolExecutor.java:310)
	at java.base/java.util.concurrent.ThreadPoolExecutor.runWorker(ThreadPoolExecutor.java:1090)
	at java.base/java.util.concurrent.ThreadPoolExecutor$Worker.run(ThreadPoolExecutor.java:614)
	at java.base/java.lang.Thread.run(Thread.java:1474)

2025.10.04 22:40:43,090	WARNING	70	org.l2jmobius.gameserver.data.xml.SkillData	SkillData: No skill info found for skill id 5015 and skill level 2.
java.lang.Exception
	at org.l2jmobius.gameserver.data.xml.SkillData.getSkill(SkillData.java:992)
	at org.l2jmobius.gameserver.data.xml.SkillData.getSkill(SkillData.java:961)
	at instances.LastImperialTomb.ScarletVanHalisha.getRndSkills(ScarletVanHalisha.java:145)
	at instances.LastImperialTomb.ScarletVanHalisha.getSkillAI(ScarletVanHalisha.java:185)
	at instances.LastImperialTomb.ScarletVanHalisha.onEvent(ScarletVanHalisha.java:76)
	at org.l2jmobius.gameserver.model.quest.Quest.notifyEvent(Quest.java:654)
	at org.l2jmobius.gameserver.model.quest.QuestTimer$ScheduleTimerTask.run(QuestTimer.java:161)
	at org.l2jmobius.commons.threads.ThreadPool$RunnableWrapper.run(ThreadPool.java:247)
	at java.base/java.util.concurrent.Executors$RunnableAdapter.call(Executors.java:545)
	at java.base/java.util.concurrent.FutureTask.runAndReset(FutureTask.java:369)
	at java.base/java.util.concurrent.ScheduledThreadPoolExecutor$ScheduledFutureTask.run(ScheduledThreadPoolExecutor.java:310)
	at java.base/java.util.concurrent.ThreadPoolExecutor.runWorker(ThreadPoolExecutor.java:1090)
	at java.base/java.util.concurrent.ThreadPoolExecutor$Worker.run(ThreadPoolExecutor.java:614)
	at java.base/java.lang.Thread.run(Thread.java:1474)

2025.10.04 22:40:57,090	WARNING	71	org.l2jmobius.gameserver.data.xml.SkillData	SkillData: No skill info found for skill id 5015 and skill level 6.
java.lang.Exception
	at org.l2jmobius.gameserver.data.xml.SkillData.getSkill(SkillData.java:992)
	at org.l2jmobius.gameserver.data.xml.SkillData.getSkill(SkillData.java:961)
	at instances.LastImperialTomb.ScarletVanHalisha.getRndSkills(ScarletVanHalisha.java:141)
	at instances.LastImperialTomb.ScarletVanHalisha.getSkillAI(ScarletVanHalisha.java:178)
	at instances.LastImperialTomb.ScarletVanHalisha.onEvent(ScarletVanHalisha.java:76)
	at org.l2jmobius.gameserver.model.quest.Quest.notifyEvent(Quest.java:654)
	at org.l2jmobius.gameserver.model.quest.QuestTimer$ScheduleTimerTask.run(QuestTimer.java:161)
	at org.l2jmobius.commons.threads.ThreadPool$RunnableWrapper.run(ThreadPool.java:247)
	at java.base/java.util.concurrent.Executors$RunnableAdapter.call(Executors.java:545)
	at java.base/java.util.concurrent.FutureTask.runAndReset(FutureTask.java:369)
	at java.base/java.util.concurrent.ScheduledThreadPoolExecutor$ScheduledFutureTask.run(ScheduledThreadPoolExecutor.java:310)
	at java.base/java.util.concurrent.ThreadPoolExecutor.runWorker(ThreadPoolExecutor.java:1090)
	at java.base/java.util.concurrent.ThreadPoolExecutor$Worker.run(ThreadPoolExecutor.java:614)
	at java.base/java.lang.Thread.run(Thread.java:1474)

2025.10.04 22:41:01,590	WARNING	55	org.l2jmobius.gameserver.data.xml.SkillData	SkillData: No skill info found for skill id 5015 and skill level 3.
java.lang.Exception
	at org.l2jmobius.gameserver.data.xml.SkillData.getSkill(SkillData.java:992)
	at org.l2jmobius.gameserver.data.xml.SkillData.getSkill(SkillData.java:961)
	at instances.LastImperialTomb.ScarletVanHalisha.getRndSkills(ScarletVanHalisha.java:137)
	at instances.LastImperialTomb.ScarletVanHalisha.getSkillAI(ScarletVanHalisha.java:178)
	at instances.LastImperialTomb.ScarletVanHalisha.onEvent(ScarletVanHalisha.java:76)
	at org.l2jmobius.gameserver.model.quest.Quest.notifyEvent(Quest.java:654)
	at org.l2jmobius.gameserver.model.quest.QuestTimer$ScheduleTimerTask.run(QuestTimer.java:161)
	at org.l2jmobius.commons.threads.ThreadPool$RunnableWrapper.run(ThreadPool.java:247)
	at java.base/java.util.concurrent.Executors$RunnableAdapter.call(Executors.java:545)
	at java.base/java.util.concurrent.FutureTask.runAndReset(FutureTask.java:369)
	at java.base/java.util.concurrent.ScheduledThreadPoolExecutor$ScheduledFutureTask.run(ScheduledThreadPoolExecutor.java:310)
	at java.base/java.util.concurrent.ThreadPoolExecutor.runWorker(ThreadPoolExecutor.java:1090)
	at java.base/java.util.concurrent.ThreadPoolExecutor$Worker.run(ThreadPoolExecutor.java:614)
	at java.base/java.lang.Thread.run(Thread.java:1474)

2025.10.04 22:41:02,090	WARNING	67	org.l2jmobius.gameserver.data.xml.SkillData	SkillData: No skill info found for skill id 5015 and skill level 3.
java.lang.Exception
	at org.l2jmobius.gameserver.data.xml.SkillData.getSkill(SkillData.java:992)
	at org.l2jmobius.gameserver.data.xml.SkillData.getSkill(SkillData.java:961)
	at instances.LastImperialTomb.ScarletVanHalisha.getRndSkills(ScarletVanHalisha.java:137)
	at instances.LastImperialTomb.ScarletVanHalisha.getSkillAI(ScarletVanHalisha.java:178)
	at instances.LastImperialTomb.ScarletVanHalisha.onEvent(ScarletVanHalisha.java:76)
	at org.l2jmobius.gameserver.model.quest.Quest.notifyEvent(Quest.java:654)
	at org.l2jmobius.gameserver.model.quest.QuestTimer$ScheduleTimerTask.run(QuestTimer.java:161)
	at org.l2jmobius.commons.threads.ThreadPool$RunnableWrapper.run(ThreadPool.java:247)
	at java.base/java.util.concurrent.Executors$RunnableAdapter.call(Executors.java:545)
	at java.base/java.util.concurrent.FutureTask.runAndReset(FutureTask.java:369)
	at java.base/java.util.concurrent.ScheduledThreadPoolExecutor$ScheduledFutureTask.run(ScheduledThreadPoolExecutor.java:310)
	at java.base/java.util.concurrent.ThreadPoolExecutor.runWorker(ThreadPoolExecutor.java:1090)
	at java.base/java.util.concurrent.ThreadPoolExecutor$Worker.run(ThreadPoolExecutor.java:614)
	at java.base/java.lang.Thread.run(Thread.java:1474)

2025.10.04 22:41:02,090	WARNING	67	org.l2jmobius.gameserver.data.xml.SkillData	SkillData: No skill info found for skill id 5015 and skill level 3.
java.lang.Exception
	at org.l2jmobius.gameserver.data.xml.SkillData.getSkill(SkillData.java:992)
	at org.l2jmobius.gameserver.data.xml.SkillData.getSkill(SkillData.java:961)
	at instances.LastImperialTomb.ScarletVanHalisha.getRndSkills(ScarletVanHalisha.java:137)
	at instances.LastImperialTomb.ScarletVanHalisha.getSkillAI(ScarletVanHalisha.java:185)
	at instances.LastImperialTomb.ScarletVanHalisha.onEvent(ScarletVanHalisha.java:76)
	at org.l2jmobius.gameserver.model.quest.Quest.notifyEvent(Quest.java:654)
	at org.l2jmobius.gameserver.model.quest.QuestTimer$ScheduleTimerTask.run(QuestTimer.java:161)
	at org.l2jmobius.commons.threads.ThreadPool$RunnableWrapper.run(ThreadPool.java:247)
	at java.base/java.util.concurrent.Executors$RunnableAdapter.call(Executors.java:545)
	at java.base/java.util.concurrent.FutureTask.runAndReset(FutureTask.java:369)
	at java.base/java.util.concurrent.ScheduledThreadPoolExecutor$ScheduledFutureTask.run(ScheduledThreadPoolExecutor.java:310)
	at java.base/java.util.concurrent.ThreadPoolExecutor.runWorker(ThreadPoolExecutor.java:1090)
	at java.base/java.util.concurrent.ThreadPoolExecutor$Worker.run(ThreadPoolExecutor.java:614)
	at java.base/java.lang.Thread.run(Thread.java:1474)

2025.10.04 22:41:12,590	WARNING	61	org.l2jmobius.gameserver.data.xml.SkillData	SkillData: No skill info found for skill id 5015 and skill level 2.
java.lang.Exception
	at org.l2jmobius.gameserver.data.xml.SkillData.getSkill(SkillData.java:992)
	at org.l2jmobius.gameserver.data.xml.SkillData.getSkill(SkillData.java:961)
	at instances.LastImperialTomb.ScarletVanHalisha.getRndSkills(ScarletVanHalisha.java:145)
	at instances.LastImperialTomb.ScarletVanHalisha.getSkillAI(ScarletVanHalisha.java:178)
	at instances.LastImperialTomb.ScarletVanHalisha.onEvent(ScarletVanHalisha.java:76)
	at org.l2jmobius.gameserver.model.quest.Quest.notifyEvent(Quest.java:654)
	at org.l2jmobius.gameserver.model.quest.QuestTimer$ScheduleTimerTask.run(QuestTimer.java:161)
	at org.l2jmobius.commons.threads.ThreadPool$RunnableWrapper.run(ThreadPool.java:247)
	at java.base/java.util.concurrent.Executors$RunnableAdapter.call(Executors.java:545)
	at java.base/java.util.concurrent.FutureTask.runAndReset(FutureTask.java:369)
	at java.base/java.util.concurrent.ScheduledThreadPoolExecutor$ScheduledFutureTask.run(ScheduledThreadPoolExecutor.java:310)
	at java.base/java.util.concurrent.ThreadPoolExecutor.runWorker(ThreadPoolExecutor.java:1090)
	at java.base/java.util.concurrent.ThreadPoolExecutor$Worker.run(ThreadPoolExecutor.java:614)
	at java.base/java.lang.Thread.run(Thread.java:1474)

2025.10.04 22:41:15,090	WARNING	71	org.l2jmobius.gameserver.data.xml.SkillData	SkillData: No skill info found for skill id 5015 and skill level 2.
java.lang.Exception
	at org.l2jmobius.gameserver.data.xml.SkillData.getSkill(SkillData.java:992)
	at org.l2jmobius.gameserver.data.xml.SkillData.getSkill(SkillData.java:961)
	at instances.LastImperialTomb.ScarletVanHalisha.getRndSkills(ScarletVanHalisha.java:145)
	at instances.LastImperialTomb.ScarletVanHalisha.getSkillAI(ScarletVanHalisha.java:178)
	at instances.LastImperialTomb.ScarletVanHalisha.onEvent(ScarletVanHalisha.java:76)
	at org.l2jmobius.gameserver.model.quest.Quest.notifyEvent(Quest.java:654)
	at org.l2jmobius.gameserver.model.quest.QuestTimer$ScheduleTimerTask.run(QuestTimer.java:161)
	at org.l2jmobius.commons.threads.ThreadPool$RunnableWrapper.run(ThreadPool.java:247)
	at java.base/java.util.concurrent.Executors$RunnableAdapter.call(Executors.java:545)
	at java.base/java.util.concurrent.FutureTask.runAndReset(FutureTask.java:369)
	at java.base/java.util.concurrent.ScheduledThreadPoolExecutor$ScheduledFutureTask.run(ScheduledThreadPoolExecutor.java:310)
	at java.base/java.util.concurrent.ThreadPoolExecutor.runWorker(ThreadPoolExecutor.java:1090)
	at java.base/java.util.concurrent.ThreadPoolExecutor$Worker.run(ThreadPoolExecutor.java:614)
	at java.base/java.lang.Thread.run(Thread.java:1474)

2025.10.04 22:41:15,090	WARNING	71	org.l2jmobius.gameserver.data.xml.SkillData	SkillData: No skill info found for skill id 5015 and skill level 6.
java.lang.Exception
	at org.l2jmobius.gameserver.data.xml.SkillData.getSkill(SkillData.java:992)
	at org.l2jmobius.gameserver.data.xml.SkillData.getSkill(SkillData.java:961)
	at instances.LastImperialTomb.ScarletVanHalisha.getRndSkills(ScarletVanHalisha.java:141)
	at instances.LastImperialTomb.ScarletVanHalisha.getSkillAI(ScarletVanHalisha.java:185)
	at instances.LastImperialTomb.ScarletVanHalisha.onEvent(ScarletVanHalisha.java:76)
	at org.l2jmobius.gameserver.model.quest.Quest.notifyEvent(Quest.java:654)
	at org.l2jmobius.gameserver.model.quest.QuestTimer$ScheduleTimerTask.run(QuestTimer.java:161)
	at org.l2jmobius.commons.threads.ThreadPool$RunnableWrapper.run(ThreadPool.java:247)
	at java.base/java.util.concurrent.Executors$RunnableAdapter.call(Executors.java:545)
	at java.base/java.util.concurrent.FutureTask.runAndReset(FutureTask.java:369)
	at java.base/java.util.concurrent.ScheduledThreadPoolExecutor$ScheduledFutureTask.run(ScheduledThreadPoolExecutor.java:310)
	at java.base/java.util.concurrent.ThreadPoolExecutor.runWorker(ThreadPoolExecutor.java:1090)
	at java.base/java.util.concurrent.ThreadPoolExecutor$Worker.run(ThreadPoolExecutor.java:614)
	at java.base/java.lang.Thread.run(Thread.java:1474)

2025.10.04 22:41:25,090	WARNING	57	org.l2jmobius.gameserver.data.xml.SkillData	SkillData: No skill info found for skill id 5015 and skill level 2.
java.lang.Exception
	at org.l2jmobius.gameserver.data.xml.SkillData.getSkill(SkillData.java:992)
	at org.l2jmobius.gameserver.data.xml.SkillData.getSkill(SkillData.java:961)
	at instances.LastImperialTomb.ScarletVanHalisha.getRndSkills(ScarletVanHalisha.java:145)
	at instances.LastImperialTomb.ScarletVanHalisha.getSkillAI(ScarletVanHalisha.java:178)
	at instances.LastImperialTomb.ScarletVanHalisha.onEvent(ScarletVanHalisha.java:76)
	at org.l2jmobius.gameserver.model.quest.Quest.notifyEvent(Quest.java:654)
	at org.l2jmobius.gameserver.model.quest.QuestTimer$ScheduleTimerTask.run(QuestTimer.java:161)
	at org.l2jmobius.commons.threads.ThreadPool$RunnableWrapper.run(ThreadPool.java:247)
	at java.base/java.util.concurrent.Executors$RunnableAdapter.call(Executors.java:545)
	at java.base/java.util.concurrent.FutureTask.runAndReset(FutureTask.java:369)
	at java.base/java.util.concurrent.ScheduledThreadPoolExecutor$ScheduledFutureTask.run(ScheduledThreadPoolExecutor.java:310)
	at java.base/java.util.concurrent.ThreadPoolExecutor.runWorker(ThreadPoolExecutor.java:1090)
	at java.base/java.util.concurrent.ThreadPoolExecutor$Worker.run(ThreadPoolExecutor.java:614)
	at java.base/java.lang.Thread.run(Thread.java:1474)

2025.10.04 22:41:25,590	WARNING	60	org.l2jmobius.gameserver.data.xml.SkillData	SkillData: No skill info found for skill id 5015 and skill level 6.
java.lang.Exception
	at org.l2jmobius.gameserver.data.xml.SkillData.getSkill(SkillData.java:992)
	at org.l2jmobius.gameserver.data.xml.SkillData.getSkill(SkillData.java:961)
	at instances.LastImperialTomb.ScarletVanHalisha.getRndSkills(ScarletVanHalisha.java:141)
	at instances.LastImperialTomb.ScarletVanHalisha.getSkillAI(ScarletVanHalisha.java:178)
	at instances.LastImperialTomb.ScarletVanHalisha.onEvent(ScarletVanHalisha.java:76)
	at org.l2jmobius.gameserver.model.quest.Quest.notifyEvent(Quest.java:654)
	at org.l2jmobius.gameserver.model.quest.QuestTimer$ScheduleTimerTask.run(QuestTimer.java:161)
	at org.l2jmobius.commons.threads.ThreadPool$RunnableWrapper.run(ThreadPool.java:247)
	at java.base/java.util.concurrent.Executors$RunnableAdapter.call(Executors.java:545)
	at java.base/java.util.concurrent.FutureTask.runAndReset(FutureTask.java:369)
	at java.base/java.util.concurrent.ScheduledThreadPoolExecutor$ScheduledFutureTask.run(ScheduledThreadPoolExecutor.java:310)
	at java.base/java.util.concurrent.ThreadPoolExecutor.runWorker(ThreadPoolExecutor.java:1090)
	at java.base/java.util.concurrent.ThreadPoolExecutor$Worker.run(ThreadPoolExecutor.java:614)
	at java.base/java.lang.Thread.run(Thread.java:1474)

2025.10.04 22:41:29,091	WARNING	58	org.l2jmobius.gameserver.data.xml.SkillData	SkillData: No skill info found for skill id 5015 and skill level 2.
java.lang.Exception
	at org.l2jmobius.gameserver.data.xml.SkillData.getSkill(SkillData.java:992)
	at org.l2jmobius.gameserver.data.xml.SkillData.getSkill(SkillData.java:961)
	at instances.LastImperialTomb.ScarletVanHalisha.getRndSkills(ScarletVanHalisha.java:145)
	at instances.LastImperialTomb.ScarletVanHalisha.getSkillAI(ScarletVanHalisha.java:178)
	at instances.LastImperialTomb.ScarletVanHalisha.onEvent(ScarletVanHalisha.java:76)
	at org.l2jmobius.gameserver.model.quest.Quest.notifyEvent(Quest.java:654)
	at org.l2jmobius.gameserver.model.quest.QuestTimer$ScheduleTimerTask.run(QuestTimer.java:161)
	at org.l2jmobius.commons.threads.ThreadPool$RunnableWrapper.run(ThreadPool.java:247)
	at java.base/java.util.concurrent.Executors$RunnableAdapter.call(Executors.java:545)
	at java.base/java.util.concurrent.FutureTask.runAndReset(FutureTask.java:369)
	at java.base/java.util.concurrent.ScheduledThreadPoolExecutor$ScheduledFutureTask.run(ScheduledThreadPoolExecutor.java:310)
	at java.base/java.util.concurrent.ThreadPoolExecutor.runWorker(ThreadPoolExecutor.java:1090)
	at java.base/java.util.concurrent.ThreadPoolExecutor$Worker.run(ThreadPoolExecutor.java:614)
	at java.base/java.lang.Thread.run(Thread.java:1474)

2025.10.04 22:43:18,596	WARNING	38	org.l2jmobius.gameserver.Shutdown	Server scheduled restart issued shutdown command. Restart in 1 seconds!
2025.10.04 22:43:19,598	WARNING	313	org.l2jmobius.gameserver.Shutdown	GM shutdown countdown is over. restarting NOW!
2025.10.04 22:43:19,646	INFO	313	org.l2jmobius.gameserver.Shutdown	All players disconnected and saved(46ms).
2025.10.04 22:43:19,646	INFO	313	org.l2jmobius.gameserver.Shutdown	Game Time Task Manager: Thread interruped(0ms).
2025.10.04 22:43:19,647	INFO	313	org.l2jmobius.commons.threads.ThreadPool	ThreadPool: Shutting down.
2025.10.04 22:43:19,647	INFO	313	org.l2jmobius.gameserver.Shutdown	Thread Pool Manager: Manager has been shut down(1ms).
2025.10.04 22:43:19,647	INFO	313	org.l2jmobius.gameserver.Shutdown	Login Server Thread: Thread interruped(0ms).
2025.10.04 22:43:19,647	INFO	313	org.l2jmobius.gameserver.Shutdown	GM restart received. Restarting NOW!
2025.10.04 22:43:19,675	INFO	313	org.l2jmobius.gameserver.Shutdown	RaidBossSpawnManager: All raidboss info saved(28ms).
2025.10.04 22:43:19,677	INFO	313	org.l2jmobius.gameserver.Shutdown	GrandBossManager: All Grand Boss info saved(2ms).
2025.10.04 22:43:19,677	INFO	313	org.l2jmobius.gameserver.Shutdown	Item Auction Manager: All tasks stopped(0ms).
2025.10.04 22:43:19,678	INFO	313	org.l2jmobius.gameserver.Shutdown	Olympiad System: Data saved(1ms).
2025.10.04 22:43:19,680	INFO	313	org.l2jmobius.gameserver.Shutdown	Hero System: Data saved(2ms).
2025.10.04 22:43:19,680	INFO	313	org.l2jmobius.gameserver.Shutdown	Clan System: Data saved(0ms).
2025.10.04 22:43:19,680	INFO	313	org.l2jmobius.gameserver.Shutdown	Cursed Weapons Manager: Data saved(0ms).
2025.10.04 22:43:19,683	INFO	313	org.l2jmobius.gameserver.Shutdown	Castle Manor Manager: Data saved(3ms).
2025.10.04 22:43:19,683	INFO	313	org.l2jmobius.gameserver.Shutdown	Quest Manager: Data saved(0ms).
2025.10.04 22:43:19,690	INFO	313	org.l2jmobius.gameserver.managers.GlobalVariablesManager	GlobalVariablesManager: Stored 2 variables.
2025.10.04 22:43:19,690	INFO	313	org.l2jmobius.gameserver.Shutdown	Global Variables Manager: Variables saved(7ms).
2025.10.04 22:43:19,692	INFO	313	org.l2jmobius.gameserver.Shutdown	Party Matching History Table: Data saved(2ms).
2025.10.04 22:43:19,720	INFO	313	org.l2jmobius.gameserver.Shutdown	SchemeBufferTable data has been saved.
2025.10.04 22:43:19,722	INFO	313	org.l2jmobius.gameserver.Shutdown	Bot Report Table: Successfully saved reports to database!
2025.10.04 22:43:24,725	INFO	313	org.l2jmobius.commons.database.DatabaseFactory	Database: HikariCP pool closed successfully.
2025.10.04 22:43:24,726	INFO	313	org.l2jmobius.gameserver.Shutdown	Database Factory: Database connection has been shut down(3ms).
2025.10.04 22:43:24,726	INFO	313	org.l2jmobius.gameserver.Shutdown	The server has been successfully shut down in 5seconds.
